BEGIN TRANSACTION;
PRAGMA foreign_keys=OFF;
DROP TABLE IF EXISTS kb_item_category;
DROP TABLE IF EXISTS kb_favorite;
DROP TABLE IF EXISTS kb_download_log;
DROP TABLE IF EXISTS kb_attachment;
DROP TABLE IF EXISTS kb_item;
DROP TABLE IF EXISTS kb_category;
DROP TABLE IF EXISTS kb_column;
CREATE TABLE kb_attachment (
                  id INTEGER PRIMARY KEY AUTOINCREMENT,
                  item_id INTEGER NOT NULL,
                  file_name TEXT NOT NULL,
                  file_type TEXT DEFAULT NULL,
                  file_size INTEGER NOT NULL DEFAULT 0,
                  created_at TEXT NOT NULL DEFAULT (datetime('now')), file_url TEXT DEFAULT NULL,
                  FOREIGN KEY (item_id) REFERENCES kb_item(id) ON DELETE CASCADE
                );
INSERT INTO "kb_attachment" VALUES(1,1,'政策法规：城市更新老旧小区条目1-policy-1-附件1.pdf','pdf',120100,'2026-01-31 00:00:03',NULL);
INSERT INTO "kb_attachment" VALUES(2,1,'政策法规：城市更新老旧小区条目1-policy-1-附件2.docx','docx',240100,'2026-01-31 00:00:03',NULL);
INSERT INTO "kb_attachment" VALUES(3,1,'政策法规：城市更新老旧小区条目1-policy-1-附件3.xlsx','xlsx',360100,'2026-01-31 00:00:03',NULL);
INSERT INTO "kb_attachment" VALUES(4,2,'政策法规：城市设计历史街区条目2-policy-2-附件1.pdf','pdf',120200,'2026-01-31 00:00:03',NULL);
INSERT INTO "kb_attachment" VALUES(5,2,'政策法规：城市设计历史街区条目2-policy-2-附件2.docx','docx',240200,'2026-01-31 00:00:03',NULL);
INSERT INTO "kb_attachment" VALUES(6,2,'政策法规：城市设计历史街区条目2-policy-2-附件3.xlsx','xlsx',360200,'2026-01-31 00:00:03',NULL);
INSERT INTO "kb_attachment" VALUES(7,3,'政策法规：人居环境改善市政设施条目3-policy-3-附件1.pdf','pdf',120300,'2026-01-31 00:00:03',NULL);
INSERT INTO "kb_attachment" VALUES(8,3,'政策法规：人居环境改善市政设施条目3-policy-3-附件2.docx','docx',240300,'2026-01-31 00:00:03',NULL);
INSERT INTO "kb_attachment" VALUES(9,3,'政策法规：人居环境改善市政设施条目3-policy-3-附件3.xlsx','xlsx',360300,'2026-01-31 00:00:03',NULL);
INSERT INTO "kb_attachment" VALUES(10,4,'政策法规：韧性城市生态修复条目4-policy-4-附件1.pdf','pdf',120400,'2026-01-31 00:00:03',NULL);
INSERT INTO "kb_attachment" VALUES(11,4,'政策法规：韧性城市生态修复条目4-policy-4-附件2.docx','docx',240400,'2026-01-31 00:00:03',NULL);
INSERT INTO "kb_attachment" VALUES(12,4,'政策法规：韧性城市生态修复条目4-policy-4-附件3.xlsx','xlsx',360400,'2026-01-31 00:00:03',NULL);
INSERT INTO "kb_attachment" VALUES(13,5,'政策法规：智慧城市风险防控条目5-policy-5-附件1.pdf','pdf',120500,'2026-01-31 00:00:03',NULL);
INSERT INTO "kb_attachment" VALUES(14,5,'政策法规：智慧城市风险防控条目5-policy-5-附件2.docx','docx',240500,'2026-01-31 00:00:03',NULL);
INSERT INTO "kb_attachment" VALUES(15,5,'政策法规：智慧城市风险防控条目5-policy-5-附件3.xlsx','xlsx',360500,'2026-01-31 00:00:03',NULL);
INSERT INTO "kb_attachment" VALUES(16,6,'政策法规：城市体检实施路径条目6-policy-6-附件1.pdf','pdf',120600,'2026-01-31 00:00:03',NULL);
INSERT INTO "kb_attachment" VALUES(17,6,'政策法规：城市体检实施路径条目6-policy-6-附件2.docx','docx',240600,'2026-01-31 00:00:03',NULL);
INSERT INTO "kb_attachment" VALUES(18,6,'政策法规：城市体检实施路径条目6-policy-6-附件3.xlsx','xlsx',360600,'2026-01-31 00:00:03',NULL);
INSERT INTO "kb_attachment" VALUES(19,7,'政策法规：城市更新指标体系条目7-policy-7-附件1.pdf','pdf',120700,'2026-01-31 00:00:03',NULL);
INSERT INTO "kb_attachment" VALUES(20,7,'政策法规：城市更新指标体系条目7-policy-7-附件2.docx','docx',240700,'2026-01-31 00:00:03',NULL);
INSERT INTO "kb_attachment" VALUES(21,7,'政策法规：城市更新指标体系条目7-policy-7-附件3.xlsx','xlsx',360700,'2026-01-31 00:00:03',NULL);
INSERT INTO "kb_attachment" VALUES(22,8,'政策法规：城市设计数据治理条目8-policy-8-附件1.pdf','pdf',120800,'2026-01-31 00:00:03',NULL);
INSERT INTO "kb_attachment" VALUES(23,8,'政策法规：城市设计数据治理条目8-policy-8-附件2.docx','docx',240800,'2026-01-31 00:00:03',NULL);
INSERT INTO "kb_attachment" VALUES(24,8,'政策法规：城市设计数据治理条目8-policy-8-附件3.xlsx','xlsx',360800,'2026-01-31 00:00:03',NULL);
INSERT INTO "kb_attachment" VALUES(25,9,'政策法规：人居环境改善空间品质条目9-policy-9-附件1.pdf','pdf',120900,'2026-01-31 00:00:03',NULL);
INSERT INTO "kb_attachment" VALUES(26,9,'政策法规：人居环境改善空间品质条目9-policy-9-附件2.docx','docx',240900,'2026-01-31 00:00:03',NULL);
INSERT INTO "kb_attachment" VALUES(27,9,'政策法规：人居环境改善空间品质条目9-policy-9-附件3.xlsx','xlsx',360900,'2026-01-31 00:00:03',NULL);
INSERT INTO "kb_attachment" VALUES(28,10,'政策法规：韧性城市公共服务条目10-policy-10-附件1.pdf','pdf',121000,'2026-01-31 00:00:03',NULL);
INSERT INTO "kb_attachment" VALUES(29,10,'政策法规：韧性城市公共服务条目10-policy-10-附件2.docx','docx',241000,'2026-01-31 00:00:03',NULL);
INSERT INTO "kb_attachment" VALUES(30,10,'政策法规：韧性城市公共服务条目10-policy-10-附件3.xlsx','xlsx',361000,'2026-01-31 00:00:03',NULL);
INSERT INTO "kb_attachment" VALUES(31,11,'政策法规：智慧城市老旧小区条目11-policy-11-附件1.pdf','pdf',121100,'2026-01-31 00:00:03',NULL);
INSERT INTO "kb_attachment" VALUES(32,11,'政策法规：智慧城市老旧小区条目11-policy-11-附件2.docx','docx',241100,'2026-01-31 00:00:03',NULL);
INSERT INTO "kb_attachment" VALUES(33,11,'政策法规：智慧城市老旧小区条目11-policy-11-附件3.xlsx','xlsx',361100,'2026-01-31 00:00:03',NULL);
INSERT INTO "kb_attachment" VALUES(34,12,'政策法规：城市体检历史街区条目12-policy-12-附件1.pdf','pdf',121200,'2026-01-31 00:00:03',NULL);
INSERT INTO "kb_attachment" VALUES(35,12,'政策法规：城市体检历史街区条目12-policy-12-附件2.docx','docx',241200,'2026-01-31 00:00:03',NULL);
INSERT INTO "kb_attachment" VALUES(36,12,'政策法规：城市体检历史街区条目12-policy-12-附件3.xlsx','xlsx',361200,'2026-01-31 00:00:03',NULL);
INSERT INTO "kb_attachment" VALUES(37,13,'政策法规：城市更新市政设施条目13-policy-13-附件1.pdf','pdf',121300,'2026-01-31 00:00:03',NULL);
INSERT INTO "kb_attachment" VALUES(38,13,'政策法规：城市更新市政设施条目13-policy-13-附件2.docx','docx',241300,'2026-01-31 00:00:03',NULL);
INSERT INTO "kb_attachment" VALUES(39,13,'政策法规：城市更新市政设施条目13-policy-13-附件3.xlsx','xlsx',361300,'2026-01-31 00:00:03',NULL);
INSERT INTO "kb_attachment" VALUES(40,14,'政策法规：城市设计生态修复条目14-policy-14-附件1.pdf','pdf',121400,'2026-01-31 00:00:03',NULL);
INSERT INTO "kb_attachment" VALUES(41,14,'政策法规：城市设计生态修复条目14-policy-14-附件2.docx','docx',241400,'2026-01-31 00:00:03',NULL);
INSERT INTO "kb_attachment" VALUES(42,14,'政策法规：城市设计生态修复条目14-policy-14-附件3.xlsx','xlsx',361400,'2026-01-31 00:00:03',NULL);
INSERT INTO "kb_attachment" VALUES(43,15,'政策法规：人居环境改善风险防控条目15-policy-15-附件1.pdf','pdf',121500,'2026-01-31 00:00:03',NULL);
INSERT INTO "kb_attachment" VALUES(44,15,'政策法规：人居环境改善风险防控条目15-policy-15-附件2.docx','docx',241500,'2026-01-31 00:00:03',NULL);
INSERT INTO "kb_attachment" VALUES(45,15,'政策法规：人居环境改善风险防控条目15-policy-15-附件3.xlsx','xlsx',361500,'2026-01-31 00:00:03',NULL);
INSERT INTO "kb_attachment" VALUES(46,16,'政策法规：韧性城市实施路径条目16-policy-16-附件1.pdf','pdf',121600,'2026-01-31 00:00:03',NULL);
INSERT INTO "kb_attachment" VALUES(47,16,'政策法规：韧性城市实施路径条目16-policy-16-附件2.docx','docx',241600,'2026-01-31 00:00:03',NULL);
INSERT INTO "kb_attachment" VALUES(48,16,'政策法规：韧性城市实施路径条目16-policy-16-附件3.xlsx','xlsx',361600,'2026-01-31 00:00:03',NULL);
INSERT INTO "kb_attachment" VALUES(49,17,'政策法规：智慧城市指标体系条目17-policy-17-附件1.pdf','pdf',121700,'2026-01-31 00:00:03',NULL);
INSERT INTO "kb_attachment" VALUES(50,17,'政策法规：智慧城市指标体系条目17-policy-17-附件2.docx','docx',241700,'2026-01-31 00:00:03',NULL);
INSERT INTO "kb_attachment" VALUES(51,17,'政策法规：智慧城市指标体系条目17-policy-17-附件3.xlsx','xlsx',361700,'2026-01-31 00:00:03',NULL);
INSERT INTO "kb_attachment" VALUES(52,18,'政策法规：城市体检数据治理条目18-policy-18-附件1.pdf','pdf',121800,'2026-01-31 00:00:03',NULL);
INSERT INTO "kb_attachment" VALUES(53,18,'政策法规：城市体检数据治理条目18-policy-18-附件2.docx','docx',241800,'2026-01-31 00:00:03',NULL);
INSERT INTO "kb_attachment" VALUES(54,18,'政策法规：城市体检数据治理条目18-policy-18-附件3.xlsx','xlsx',361800,'2026-01-31 00:00:03',NULL);
INSERT INTO "kb_attachment" VALUES(55,19,'政策法规：城市更新空间品质条目19-policy-19-附件1.pdf','pdf',121900,'2026-01-31 00:00:03',NULL);
INSERT INTO "kb_attachment" VALUES(56,19,'政策法规：城市更新空间品质条目19-policy-19-附件2.docx','docx',241900,'2026-01-31 00:00:03',NULL);
INSERT INTO "kb_attachment" VALUES(57,19,'政策法规：城市更新空间品质条目19-policy-19-附件3.xlsx','xlsx',361900,'2026-01-31 00:00:03',NULL);
INSERT INTO "kb_attachment" VALUES(58,20,'政策法规：城市设计公共服务条目20-policy-20-附件1.pdf','pdf',122000,'2026-01-31 00:00:03',NULL);
INSERT INTO "kb_attachment" VALUES(59,20,'政策法规：城市设计公共服务条目20-policy-20-附件2.docx','docx',242000,'2026-01-31 00:00:03',NULL);
INSERT INTO "kb_attachment" VALUES(60,20,'政策法规：城市设计公共服务条目20-policy-20-附件3.xlsx','xlsx',362000,'2026-01-31 00:00:03',NULL);
INSERT INTO "kb_attachment" VALUES(61,21,'标准规范：人居环境改善老旧小区条目1-standard-21-附件1.pdf','pdf',122100,'2026-01-31 00:00:03',NULL);
INSERT INTO "kb_attachment" VALUES(62,21,'标准规范：人居环境改善老旧小区条目1-standard-21-附件2.docx','docx',242100,'2026-01-31 00:00:03',NULL);
INSERT INTO "kb_attachment" VALUES(63,21,'标准规范：人居环境改善老旧小区条目1-standard-21-附件3.xlsx','xlsx',362100,'2026-01-31 00:00:03',NULL);
INSERT INTO "kb_attachment" VALUES(64,22,'标准规范：韧性城市历史街区条目2-standard-22-附件1.pdf','pdf',122200,'2026-01-31 00:00:03',NULL);
INSERT INTO "kb_attachment" VALUES(65,22,'标准规范：韧性城市历史街区条目2-standard-22-附件2.docx','docx',242200,'2026-01-31 00:00:03',NULL);
INSERT INTO "kb_attachment" VALUES(66,22,'标准规范：韧性城市历史街区条目2-standard-22-附件3.xlsx','xlsx',362200,'2026-01-31 00:00:03',NULL);
INSERT INTO "kb_attachment" VALUES(67,23,'标准规范：智慧城市市政设施条目3-standard-23-附件1.pdf','pdf',122300,'2026-01-31 00:00:03',NULL);
INSERT INTO "kb_attachment" VALUES(68,23,'标准规范：智慧城市市政设施条目3-standard-23-附件2.docx','docx',242300,'2026-01-31 00:00:03',NULL);
INSERT INTO "kb_attachment" VALUES(69,23,'标准规范：智慧城市市政设施条目3-standard-23-附件3.xlsx','xlsx',362300,'2026-01-31 00:00:03',NULL);
INSERT INTO "kb_attachment" VALUES(70,24,'标准规范：城市体检生态修复条目4-standard-24-附件1.pdf','pdf',122400,'2026-01-31 00:00:03',NULL);
INSERT INTO "kb_attachment" VALUES(71,24,'标准规范：城市体检生态修复条目4-standard-24-附件2.docx','docx',242400,'2026-01-31 00:00:03',NULL);
INSERT INTO "kb_attachment" VALUES(72,24,'标准规范：城市体检生态修复条目4-standard-24-附件3.xlsx','xlsx',362400,'2026-01-31 00:00:03',NULL);
INSERT INTO "kb_attachment" VALUES(73,25,'标准规范：城市更新风险防控条目5-standard-25-附件1.pdf','pdf',122500,'2026-01-31 00:00:03',NULL);
INSERT INTO "kb_attachment" VALUES(74,25,'标准规范：城市更新风险防控条目5-standard-25-附件2.docx','docx',242500,'2026-01-31 00:00:03',NULL);
INSERT INTO "kb_attachment" VALUES(75,25,'标准规范：城市更新风险防控条目5-standard-25-附件3.xlsx','xlsx',362500,'2026-01-31 00:00:03',NULL);
INSERT INTO "kb_attachment" VALUES(76,26,'标准规范：城市设计实施路径条目6-standard-26-附件1.pdf','pdf',122600,'2026-01-31 00:00:03',NULL);
INSERT INTO "kb_attachment" VALUES(77,26,'标准规范：城市设计实施路径条目6-standard-26-附件2.docx','docx',242600,'2026-01-31 00:00:03',NULL);
INSERT INTO "kb_attachment" VALUES(78,26,'标准规范：城市设计实施路径条目6-standard-26-附件3.xlsx','xlsx',362600,'2026-01-31 00:00:03',NULL);
INSERT INTO "kb_attachment" VALUES(79,27,'标准规范：人居环境改善指标体系条目7-standard-27-附件1.pdf','pdf',122700,'2026-01-31 00:00:03',NULL);
INSERT INTO "kb_attachment" VALUES(80,27,'标准规范：人居环境改善指标体系条目7-standard-27-附件2.docx','docx',242700,'2026-01-31 00:00:03',NULL);
INSERT INTO "kb_attachment" VALUES(81,27,'标准规范：人居环境改善指标体系条目7-standard-27-附件3.xlsx','xlsx',362700,'2026-01-31 00:00:03',NULL);
INSERT INTO "kb_attachment" VALUES(82,28,'标准规范：韧性城市数据治理条目8-standard-28-附件1.pdf','pdf',122800,'2026-01-31 00:00:03',NULL);
INSERT INTO "kb_attachment" VALUES(83,28,'标准规范：韧性城市数据治理条目8-standard-28-附件2.docx','docx',242800,'2026-01-31 00:00:03',NULL);
INSERT INTO "kb_attachment" VALUES(84,28,'标准规范：韧性城市数据治理条目8-standard-28-附件3.xlsx','xlsx',362800,'2026-01-31 00:00:03',NULL);
INSERT INTO "kb_attachment" VALUES(85,29,'标准规范：智慧城市空间品质条目9-standard-29-附件1.pdf','pdf',122900,'2026-01-31 00:00:03',NULL);
INSERT INTO "kb_attachment" VALUES(86,29,'标准规范：智慧城市空间品质条目9-standard-29-附件2.docx','docx',242900,'2026-01-31 00:00:03',NULL);
INSERT INTO "kb_attachment" VALUES(87,29,'标准规范：智慧城市空间品质条目9-standard-29-附件3.xlsx','xlsx',362900,'2026-01-31 00:00:03',NULL);
INSERT INTO "kb_attachment" VALUES(88,30,'标准规范：城市体检公共服务条目10-standard-30-附件1.pdf','pdf',123000,'2026-01-31 00:00:03',NULL);
INSERT INTO "kb_attachment" VALUES(89,30,'标准规范：城市体检公共服务条目10-standard-30-附件2.docx','docx',243000,'2026-01-31 00:00:03',NULL);
INSERT INTO "kb_attachment" VALUES(90,30,'标准规范：城市体检公共服务条目10-standard-30-附件3.xlsx','xlsx',363000,'2026-01-31 00:00:03',NULL);
INSERT INTO "kb_attachment" VALUES(91,31,'标准规范：城市更新老旧小区条目11-standard-31-附件1.pdf','pdf',123100,'2026-01-31 00:00:03',NULL);
INSERT INTO "kb_attachment" VALUES(92,31,'标准规范：城市更新老旧小区条目11-standard-31-附件2.docx','docx',243100,'2026-01-31 00:00:03',NULL);
INSERT INTO "kb_attachment" VALUES(93,31,'标准规范：城市更新老旧小区条目11-standard-31-附件3.xlsx','xlsx',363100,'2026-01-31 00:00:03',NULL);
INSERT INTO "kb_attachment" VALUES(94,32,'标准规范：城市设计历史街区条目12-standard-32-附件1.pdf','pdf',123200,'2026-01-31 00:00:03',NULL);
INSERT INTO "kb_attachment" VALUES(95,32,'标准规范：城市设计历史街区条目12-standard-32-附件2.docx','docx',243200,'2026-01-31 00:00:03',NULL);
INSERT INTO "kb_attachment" VALUES(96,32,'标准规范：城市设计历史街区条目12-standard-32-附件3.xlsx','xlsx',363200,'2026-01-31 00:00:03',NULL);
INSERT INTO "kb_attachment" VALUES(97,33,'标准规范：人居环境改善市政设施条目13-standard-33-附件1.pdf','pdf',123300,'2026-01-31 00:00:03',NULL);
INSERT INTO "kb_attachment" VALUES(98,33,'标准规范：人居环境改善市政设施条目13-standard-33-附件2.docx','docx',243300,'2026-01-31 00:00:03',NULL);
INSERT INTO "kb_attachment" VALUES(99,33,'标准规范：人居环境改善市政设施条目13-standard-33-附件3.xlsx','xlsx',363300,'2026-01-31 00:00:03',NULL);
INSERT INTO "kb_attachment" VALUES(100,34,'标准规范：韧性城市生态修复条目14-standard-34-附件1.pdf','pdf',123400,'2026-01-31 00:00:03',NULL);
INSERT INTO "kb_attachment" VALUES(101,34,'标准规范：韧性城市生态修复条目14-standard-34-附件2.docx','docx',243400,'2026-01-31 00:00:03',NULL);
INSERT INTO "kb_attachment" VALUES(102,34,'标准规范：韧性城市生态修复条目14-standard-34-附件3.xlsx','xlsx',363400,'2026-01-31 00:00:03',NULL);
INSERT INTO "kb_attachment" VALUES(103,35,'标准规范：智慧城市风险防控条目15-standard-35-附件1.pdf','pdf',123500,'2026-01-31 00:00:03',NULL);
INSERT INTO "kb_attachment" VALUES(104,35,'标准规范：智慧城市风险防控条目15-standard-35-附件2.docx','docx',243500,'2026-01-31 00:00:03',NULL);
INSERT INTO "kb_attachment" VALUES(105,35,'标准规范：智慧城市风险防控条目15-standard-35-附件3.xlsx','xlsx',363500,'2026-01-31 00:00:03',NULL);
INSERT INTO "kb_attachment" VALUES(106,36,'标准规范：城市体检实施路径条目16-standard-36-附件1.pdf','pdf',123600,'2026-01-31 00:00:03',NULL);
INSERT INTO "kb_attachment" VALUES(107,36,'标准规范：城市体检实施路径条目16-standard-36-附件2.docx','docx',243600,'2026-01-31 00:00:03',NULL);
INSERT INTO "kb_attachment" VALUES(108,36,'标准规范：城市体检实施路径条目16-standard-36-附件3.xlsx','xlsx',363600,'2026-01-31 00:00:03',NULL);
INSERT INTO "kb_attachment" VALUES(109,37,'标准规范：城市更新指标体系条目17-standard-37-附件1.pdf','pdf',123700,'2026-01-31 00:00:03',NULL);
INSERT INTO "kb_attachment" VALUES(110,37,'标准规范：城市更新指标体系条目17-standard-37-附件2.docx','docx',243700,'2026-01-31 00:00:03',NULL);
INSERT INTO "kb_attachment" VALUES(111,37,'标准规范：城市更新指标体系条目17-standard-37-附件3.xlsx','xlsx',363700,'2026-01-31 00:00:03',NULL);
INSERT INTO "kb_attachment" VALUES(112,38,'标准规范：城市设计数据治理条目18-standard-38-附件1.pdf','pdf',123800,'2026-01-31 00:00:03',NULL);
INSERT INTO "kb_attachment" VALUES(113,38,'标准规范：城市设计数据治理条目18-standard-38-附件2.docx','docx',243800,'2026-01-31 00:00:03',NULL);
INSERT INTO "kb_attachment" VALUES(114,38,'标准规范：城市设计数据治理条目18-standard-38-附件3.xlsx','xlsx',363800,'2026-01-31 00:00:03',NULL);
INSERT INTO "kb_attachment" VALUES(115,39,'标准规范：人居环境改善空间品质条目19-standard-39-附件1.pdf','pdf',123900,'2026-01-31 00:00:03',NULL);
INSERT INTO "kb_attachment" VALUES(116,39,'标准规范：人居环境改善空间品质条目19-standard-39-附件2.docx','docx',243900,'2026-01-31 00:00:03',NULL);
INSERT INTO "kb_attachment" VALUES(117,39,'标准规范：人居环境改善空间品质条目19-standard-39-附件3.xlsx','xlsx',363900,'2026-01-31 00:00:03',NULL);
INSERT INTO "kb_attachment" VALUES(118,40,'标准规范：韧性城市公共服务条目20-standard-40-附件1.pdf','pdf',124000,'2026-01-31 00:00:03',NULL);
INSERT INTO "kb_attachment" VALUES(119,40,'标准规范：韧性城市公共服务条目20-standard-40-附件2.docx','docx',244000,'2026-01-31 00:00:03',NULL);
INSERT INTO "kb_attachment" VALUES(120,40,'标准规范：韧性城市公共服务条目20-standard-40-附件3.xlsx','xlsx',364000,'2026-01-31 00:00:03',NULL);
INSERT INTO "kb_attachment" VALUES(121,41,'工作机制：韧性城市老旧小区条目1-mechanism-41-附件1.pdf','pdf',124100,'2026-01-31 00:00:03',NULL);
INSERT INTO "kb_attachment" VALUES(122,41,'工作机制：韧性城市老旧小区条目1-mechanism-41-附件2.docx','docx',244100,'2026-01-31 00:00:03',NULL);
INSERT INTO "kb_attachment" VALUES(123,41,'工作机制：韧性城市老旧小区条目1-mechanism-41-附件3.xlsx','xlsx',364100,'2026-01-31 00:00:03',NULL);
INSERT INTO "kb_attachment" VALUES(124,42,'工作机制：智慧城市历史街区条目2-mechanism-42-附件1.pdf','pdf',124200,'2026-01-31 00:00:03',NULL);
INSERT INTO "kb_attachment" VALUES(125,42,'工作机制：智慧城市历史街区条目2-mechanism-42-附件2.docx','docx',244200,'2026-01-31 00:00:03',NULL);
INSERT INTO "kb_attachment" VALUES(126,42,'工作机制：智慧城市历史街区条目2-mechanism-42-附件3.xlsx','xlsx',364200,'2026-01-31 00:00:03',NULL);
INSERT INTO "kb_attachment" VALUES(127,43,'工作机制：城市体检市政设施条目3-mechanism-43-附件1.pdf','pdf',124300,'2026-01-31 00:00:03',NULL);
INSERT INTO "kb_attachment" VALUES(128,43,'工作机制：城市体检市政设施条目3-mechanism-43-附件2.docx','docx',244300,'2026-01-31 00:00:03',NULL);
INSERT INTO "kb_attachment" VALUES(129,43,'工作机制：城市体检市政设施条目3-mechanism-43-附件3.xlsx','xlsx',364300,'2026-01-31 00:00:03',NULL);
INSERT INTO "kb_attachment" VALUES(130,44,'工作机制：城市更新生态修复条目4-mechanism-44-附件1.pdf','pdf',124400,'2026-01-31 00:00:03',NULL);
INSERT INTO "kb_attachment" VALUES(131,44,'工作机制：城市更新生态修复条目4-mechanism-44-附件2.docx','docx',244400,'2026-01-31 00:00:03',NULL);
INSERT INTO "kb_attachment" VALUES(132,44,'工作机制：城市更新生态修复条目4-mechanism-44-附件3.xlsx','xlsx',364400,'2026-01-31 00:00:03',NULL);
INSERT INTO "kb_attachment" VALUES(133,45,'工作机制：城市设计风险防控条目5-mechanism-45-附件1.pdf','pdf',124500,'2026-01-31 00:00:03',NULL);
INSERT INTO "kb_attachment" VALUES(134,45,'工作机制：城市设计风险防控条目5-mechanism-45-附件2.docx','docx',244500,'2026-01-31 00:00:03',NULL);
INSERT INTO "kb_attachment" VALUES(135,45,'工作机制：城市设计风险防控条目5-mechanism-45-附件3.xlsx','xlsx',364500,'2026-01-31 00:00:03',NULL);
INSERT INTO "kb_attachment" VALUES(136,46,'工作机制：人居环境改善实施路径条目6-mechanism-46-附件1.pdf','pdf',124600,'2026-01-31 00:00:03',NULL);
INSERT INTO "kb_attachment" VALUES(137,46,'工作机制：人居环境改善实施路径条目6-mechanism-46-附件2.docx','docx',244600,'2026-01-31 00:00:03',NULL);
INSERT INTO "kb_attachment" VALUES(138,46,'工作机制：人居环境改善实施路径条目6-mechanism-46-附件3.xlsx','xlsx',364600,'2026-01-31 00:00:03',NULL);
INSERT INTO "kb_attachment" VALUES(139,47,'工作机制：韧性城市指标体系条目7-mechanism-47-附件1.pdf','pdf',124700,'2026-01-31 00:00:03',NULL);
INSERT INTO "kb_attachment" VALUES(140,47,'工作机制：韧性城市指标体系条目7-mechanism-47-附件2.docx','docx',244700,'2026-01-31 00:00:03',NULL);
INSERT INTO "kb_attachment" VALUES(141,47,'工作机制：韧性城市指标体系条目7-mechanism-47-附件3.xlsx','xlsx',364700,'2026-01-31 00:00:03',NULL);
INSERT INTO "kb_attachment" VALUES(142,48,'工作机制：智慧城市数据治理条目8-mechanism-48-附件1.pdf','pdf',124800,'2026-01-31 00:00:03',NULL);
INSERT INTO "kb_attachment" VALUES(143,48,'工作机制：智慧城市数据治理条目8-mechanism-48-附件2.docx','docx',244800,'2026-01-31 00:00:03',NULL);
INSERT INTO "kb_attachment" VALUES(144,48,'工作机制：智慧城市数据治理条目8-mechanism-48-附件3.xlsx','xlsx',364800,'2026-01-31 00:00:03',NULL);
INSERT INTO "kb_attachment" VALUES(145,49,'工作机制：城市体检空间品质条目9-mechanism-49-附件1.pdf','pdf',124900,'2026-01-31 00:00:03',NULL);
INSERT INTO "kb_attachment" VALUES(146,49,'工作机制：城市体检空间品质条目9-mechanism-49-附件2.docx','docx',244900,'2026-01-31 00:00:03',NULL);
INSERT INTO "kb_attachment" VALUES(147,49,'工作机制：城市体检空间品质条目9-mechanism-49-附件3.xlsx','xlsx',364900,'2026-01-31 00:00:03',NULL);
INSERT INTO "kb_attachment" VALUES(148,50,'工作机制：城市更新公共服务条目10-mechanism-50-附件1.pdf','pdf',125000,'2026-01-31 00:00:03',NULL);
INSERT INTO "kb_attachment" VALUES(149,50,'工作机制：城市更新公共服务条目10-mechanism-50-附件2.docx','docx',245000,'2026-01-31 00:00:03',NULL);
INSERT INTO "kb_attachment" VALUES(150,50,'工作机制：城市更新公共服务条目10-mechanism-50-附件3.xlsx','xlsx',365000,'2026-01-31 00:00:03',NULL);
INSERT INTO "kb_attachment" VALUES(151,51,'工作机制：城市设计老旧小区条目11-mechanism-51-附件1.pdf','pdf',125100,'2026-01-31 00:00:03',NULL);
INSERT INTO "kb_attachment" VALUES(152,51,'工作机制：城市设计老旧小区条目11-mechanism-51-附件2.docx','docx',245100,'2026-01-31 00:00:03',NULL);
INSERT INTO "kb_attachment" VALUES(153,51,'工作机制：城市设计老旧小区条目11-mechanism-51-附件3.xlsx','xlsx',365100,'2026-01-31 00:00:03',NULL);
INSERT INTO "kb_attachment" VALUES(154,52,'工作机制：人居环境改善历史街区条目12-mechanism-52-附件1.pdf','pdf',125200,'2026-01-31 00:00:03',NULL);
INSERT INTO "kb_attachment" VALUES(155,52,'工作机制：人居环境改善历史街区条目12-mechanism-52-附件2.docx','docx',245200,'2026-01-31 00:00:03',NULL);
INSERT INTO "kb_attachment" VALUES(156,52,'工作机制：人居环境改善历史街区条目12-mechanism-52-附件3.xlsx','xlsx',365200,'2026-01-31 00:00:03',NULL);
INSERT INTO "kb_attachment" VALUES(157,53,'工作机制：韧性城市市政设施条目13-mechanism-53-附件1.pdf','pdf',125300,'2026-01-31 00:00:03',NULL);
INSERT INTO "kb_attachment" VALUES(158,53,'工作机制：韧性城市市政设施条目13-mechanism-53-附件2.docx','docx',245300,'2026-01-31 00:00:03',NULL);
INSERT INTO "kb_attachment" VALUES(159,53,'工作机制：韧性城市市政设施条目13-mechanism-53-附件3.xlsx','xlsx',365300,'2026-01-31 00:00:03',NULL);
INSERT INTO "kb_attachment" VALUES(160,54,'工作机制：智慧城市生态修复条目14-mechanism-54-附件1.pdf','pdf',125400,'2026-01-31 00:00:03',NULL);
INSERT INTO "kb_attachment" VALUES(161,54,'工作机制：智慧城市生态修复条目14-mechanism-54-附件2.docx','docx',245400,'2026-01-31 00:00:03',NULL);
INSERT INTO "kb_attachment" VALUES(162,54,'工作机制：智慧城市生态修复条目14-mechanism-54-附件3.xlsx','xlsx',365400,'2026-01-31 00:00:03',NULL);
INSERT INTO "kb_attachment" VALUES(163,55,'工作机制：城市体检风险防控条目15-mechanism-55-附件1.pdf','pdf',125500,'2026-01-31 00:00:03',NULL);
INSERT INTO "kb_attachment" VALUES(164,55,'工作机制：城市体检风险防控条目15-mechanism-55-附件2.docx','docx',245500,'2026-01-31 00:00:03',NULL);
INSERT INTO "kb_attachment" VALUES(165,55,'工作机制：城市体检风险防控条目15-mechanism-55-附件3.xlsx','xlsx',365500,'2026-01-31 00:00:03',NULL);
INSERT INTO "kb_attachment" VALUES(166,56,'工作机制：城市更新实施路径条目16-mechanism-56-附件1.pdf','pdf',125600,'2026-01-31 00:00:03',NULL);
INSERT INTO "kb_attachment" VALUES(167,56,'工作机制：城市更新实施路径条目16-mechanism-56-附件2.docx','docx',245600,'2026-01-31 00:00:03',NULL);
INSERT INTO "kb_attachment" VALUES(168,56,'工作机制：城市更新实施路径条目16-mechanism-56-附件3.xlsx','xlsx',365600,'2026-01-31 00:00:03',NULL);
INSERT INTO "kb_attachment" VALUES(169,57,'工作机制：城市设计指标体系条目17-mechanism-57-附件1.pdf','pdf',125700,'2026-01-31 00:00:03',NULL);
INSERT INTO "kb_attachment" VALUES(170,57,'工作机制：城市设计指标体系条目17-mechanism-57-附件2.docx','docx',245700,'2026-01-31 00:00:03',NULL);
INSERT INTO "kb_attachment" VALUES(171,57,'工作机制：城市设计指标体系条目17-mechanism-57-附件3.xlsx','xlsx',365700,'2026-01-31 00:00:03',NULL);
INSERT INTO "kb_attachment" VALUES(172,58,'工作机制：人居环境改善数据治理条目18-mechanism-58-附件1.pdf','pdf',125800,'2026-01-31 00:00:03',NULL);
INSERT INTO "kb_attachment" VALUES(173,58,'工作机制：人居环境改善数据治理条目18-mechanism-58-附件2.docx','docx',245800,'2026-01-31 00:00:03',NULL);
INSERT INTO "kb_attachment" VALUES(174,58,'工作机制：人居环境改善数据治理条目18-mechanism-58-附件3.xlsx','xlsx',365800,'2026-01-31 00:00:03',NULL);
INSERT INTO "kb_attachment" VALUES(175,59,'工作机制：韧性城市空间品质条目19-mechanism-59-附件1.pdf','pdf',125900,'2026-01-31 00:00:03',NULL);
INSERT INTO "kb_attachment" VALUES(176,59,'工作机制：韧性城市空间品质条目19-mechanism-59-附件2.docx','docx',245900,'2026-01-31 00:00:03',NULL);
INSERT INTO "kb_attachment" VALUES(177,59,'工作机制：韧性城市空间品质条目19-mechanism-59-附件3.xlsx','xlsx',365900,'2026-01-31 00:00:03',NULL);
INSERT INTO "kb_attachment" VALUES(178,60,'工作机制：智慧城市公共服务条目20-mechanism-60-附件1.pdf','pdf',126000,'2026-01-31 00:00:03',NULL);
INSERT INTO "kb_attachment" VALUES(179,60,'工作机制：智慧城市公共服务条目20-mechanism-60-附件2.docx','docx',246000,'2026-01-31 00:00:03',NULL);
INSERT INTO "kb_attachment" VALUES(180,60,'工作机制：智慧城市公共服务条目20-mechanism-60-附件3.xlsx','xlsx',366000,'2026-01-31 00:00:03',NULL);
INSERT INTO "kb_attachment" VALUES(181,61,'专家智库：城市更新老旧小区条目1-expert-61-附件1.pdf','pdf',126100,'2026-01-31 00:00:03',NULL);
INSERT INTO "kb_attachment" VALUES(182,61,'专家智库：城市更新老旧小区条目1-expert-61-附件2.docx','docx',246100,'2026-01-31 00:00:03',NULL);
INSERT INTO "kb_attachment" VALUES(183,61,'专家智库：城市更新老旧小区条目1-expert-61-附件3.xlsx','xlsx',366100,'2026-01-31 00:00:03',NULL);
INSERT INTO "kb_attachment" VALUES(184,62,'专家智库：城市设计历史街区条目2-expert-62-附件1.pdf','pdf',126200,'2026-01-31 00:00:03',NULL);
INSERT INTO "kb_attachment" VALUES(185,62,'专家智库：城市设计历史街区条目2-expert-62-附件2.docx','docx',246200,'2026-01-31 00:00:03',NULL);
INSERT INTO "kb_attachment" VALUES(186,62,'专家智库：城市设计历史街区条目2-expert-62-附件3.xlsx','xlsx',366200,'2026-01-31 00:00:03',NULL);
INSERT INTO "kb_attachment" VALUES(187,63,'专家智库：人居环境改善市政设施条目3-expert-63-附件1.pdf','pdf',126300,'2026-01-31 00:00:03',NULL);
INSERT INTO "kb_attachment" VALUES(188,63,'专家智库：人居环境改善市政设施条目3-expert-63-附件2.docx','docx',246300,'2026-01-31 00:00:03',NULL);
INSERT INTO "kb_attachment" VALUES(189,63,'专家智库：人居环境改善市政设施条目3-expert-63-附件3.xlsx','xlsx',366300,'2026-01-31 00:00:03',NULL);
INSERT INTO "kb_attachment" VALUES(190,64,'专家智库：韧性城市生态修复条目4-expert-64-附件1.pdf','pdf',126400,'2026-01-31 00:00:03',NULL);
INSERT INTO "kb_attachment" VALUES(191,64,'专家智库：韧性城市生态修复条目4-expert-64-附件2.docx','docx',246400,'2026-01-31 00:00:03',NULL);
INSERT INTO "kb_attachment" VALUES(192,64,'专家智库：韧性城市生态修复条目4-expert-64-附件3.xlsx','xlsx',366400,'2026-01-31 00:00:03',NULL);
INSERT INTO "kb_attachment" VALUES(193,65,'专家智库：智慧城市风险防控条目5-expert-65-附件1.pdf','pdf',126500,'2026-01-31 00:00:03',NULL);
INSERT INTO "kb_attachment" VALUES(194,65,'专家智库：智慧城市风险防控条目5-expert-65-附件2.docx','docx',246500,'2026-01-31 00:00:03',NULL);
INSERT INTO "kb_attachment" VALUES(195,65,'专家智库：智慧城市风险防控条目5-expert-65-附件3.xlsx','xlsx',366500,'2026-01-31 00:00:03',NULL);
INSERT INTO "kb_attachment" VALUES(196,66,'专家智库：城市体检实施路径条目6-expert-66-附件1.pdf','pdf',126600,'2026-01-31 00:00:03',NULL);
INSERT INTO "kb_attachment" VALUES(197,66,'专家智库：城市体检实施路径条目6-expert-66-附件2.docx','docx',246600,'2026-01-31 00:00:03',NULL);
INSERT INTO "kb_attachment" VALUES(198,66,'专家智库：城市体检实施路径条目6-expert-66-附件3.xlsx','xlsx',366600,'2026-01-31 00:00:03',NULL);
INSERT INTO "kb_attachment" VALUES(199,67,'专家智库：城市更新指标体系条目7-expert-67-附件1.pdf','pdf',126700,'2026-01-31 00:00:03',NULL);
INSERT INTO "kb_attachment" VALUES(200,67,'专家智库：城市更新指标体系条目7-expert-67-附件2.docx','docx',246700,'2026-01-31 00:00:03',NULL);
INSERT INTO "kb_attachment" VALUES(201,67,'专家智库：城市更新指标体系条目7-expert-67-附件3.xlsx','xlsx',366700,'2026-01-31 00:00:03',NULL);
INSERT INTO "kb_attachment" VALUES(202,68,'专家智库：城市设计数据治理条目8-expert-68-附件1.pdf','pdf',126800,'2026-01-31 00:00:03',NULL);
INSERT INTO "kb_attachment" VALUES(203,68,'专家智库：城市设计数据治理条目8-expert-68-附件2.docx','docx',246800,'2026-01-31 00:00:03',NULL);
INSERT INTO "kb_attachment" VALUES(204,68,'专家智库：城市设计数据治理条目8-expert-68-附件3.xlsx','xlsx',366800,'2026-01-31 00:00:03',NULL);
INSERT INTO "kb_attachment" VALUES(205,69,'专家智库：人居环境改善空间品质条目9-expert-69-附件1.pdf','pdf',126900,'2026-01-31 00:00:03',NULL);
INSERT INTO "kb_attachment" VALUES(206,69,'专家智库：人居环境改善空间品质条目9-expert-69-附件2.docx','docx',246900,'2026-01-31 00:00:03',NULL);
INSERT INTO "kb_attachment" VALUES(207,69,'专家智库：人居环境改善空间品质条目9-expert-69-附件3.xlsx','xlsx',366900,'2026-01-31 00:00:03',NULL);
INSERT INTO "kb_attachment" VALUES(208,70,'专家智库：韧性城市公共服务条目10-expert-70-附件1.pdf','pdf',127000,'2026-01-31 00:00:03',NULL);
INSERT INTO "kb_attachment" VALUES(209,70,'专家智库：韧性城市公共服务条目10-expert-70-附件2.docx','docx',247000,'2026-01-31 00:00:03',NULL);
INSERT INTO "kb_attachment" VALUES(210,70,'专家智库：韧性城市公共服务条目10-expert-70-附件3.xlsx','xlsx',367000,'2026-01-31 00:00:03',NULL);
INSERT INTO "kb_attachment" VALUES(211,71,'专家智库：智慧城市老旧小区条目11-expert-71-附件1.pdf','pdf',127100,'2026-01-31 00:00:03',NULL);
INSERT INTO "kb_attachment" VALUES(212,71,'专家智库：智慧城市老旧小区条目11-expert-71-附件2.docx','docx',247100,'2026-01-31 00:00:03',NULL);
INSERT INTO "kb_attachment" VALUES(213,71,'专家智库：智慧城市老旧小区条目11-expert-71-附件3.xlsx','xlsx',367100,'2026-01-31 00:00:03',NULL);
INSERT INTO "kb_attachment" VALUES(214,72,'专家智库：城市体检历史街区条目12-expert-72-附件1.pdf','pdf',127200,'2026-01-31 00:00:03',NULL);
INSERT INTO "kb_attachment" VALUES(215,72,'专家智库：城市体检历史街区条目12-expert-72-附件2.docx','docx',247200,'2026-01-31 00:00:03',NULL);
INSERT INTO "kb_attachment" VALUES(216,72,'专家智库：城市体检历史街区条目12-expert-72-附件3.xlsx','xlsx',367200,'2026-01-31 00:00:03',NULL);
INSERT INTO "kb_attachment" VALUES(217,73,'专家智库：城市更新市政设施条目13-expert-73-附件1.pdf','pdf',127300,'2026-01-31 00:00:03',NULL);
INSERT INTO "kb_attachment" VALUES(218,73,'专家智库：城市更新市政设施条目13-expert-73-附件2.docx','docx',247300,'2026-01-31 00:00:03',NULL);
INSERT INTO "kb_attachment" VALUES(219,73,'专家智库：城市更新市政设施条目13-expert-73-附件3.xlsx','xlsx',367300,'2026-01-31 00:00:03',NULL);
INSERT INTO "kb_attachment" VALUES(220,74,'专家智库：城市设计生态修复条目14-expert-74-附件1.pdf','pdf',127400,'2026-01-31 00:00:03',NULL);
INSERT INTO "kb_attachment" VALUES(221,74,'专家智库：城市设计生态修复条目14-expert-74-附件2.docx','docx',247400,'2026-01-31 00:00:03',NULL);
INSERT INTO "kb_attachment" VALUES(222,74,'专家智库：城市设计生态修复条目14-expert-74-附件3.xlsx','xlsx',367400,'2026-01-31 00:00:03',NULL);
INSERT INTO "kb_attachment" VALUES(223,75,'专家智库：人居环境改善风险防控条目15-expert-75-附件1.pdf','pdf',127500,'2026-01-31 00:00:03',NULL);
INSERT INTO "kb_attachment" VALUES(224,75,'专家智库：人居环境改善风险防控条目15-expert-75-附件2.docx','docx',247500,'2026-01-31 00:00:03',NULL);
INSERT INTO "kb_attachment" VALUES(225,75,'专家智库：人居环境改善风险防控条目15-expert-75-附件3.xlsx','xlsx',367500,'2026-01-31 00:00:03',NULL);
INSERT INTO "kb_attachment" VALUES(226,76,'专家智库：韧性城市实施路径条目16-expert-76-附件1.pdf','pdf',127600,'2026-01-31 00:00:03',NULL);
INSERT INTO "kb_attachment" VALUES(227,76,'专家智库：韧性城市实施路径条目16-expert-76-附件2.docx','docx',247600,'2026-01-31 00:00:03',NULL);
INSERT INTO "kb_attachment" VALUES(228,76,'专家智库：韧性城市实施路径条目16-expert-76-附件3.xlsx','xlsx',367600,'2026-01-31 00:00:03',NULL);
INSERT INTO "kb_attachment" VALUES(229,77,'专家智库：智慧城市指标体系条目17-expert-77-附件1.pdf','pdf',127700,'2026-01-31 00:00:03',NULL);
INSERT INTO "kb_attachment" VALUES(230,77,'专家智库：智慧城市指标体系条目17-expert-77-附件2.docx','docx',247700,'2026-01-31 00:00:03',NULL);
INSERT INTO "kb_attachment" VALUES(231,77,'专家智库：智慧城市指标体系条目17-expert-77-附件3.xlsx','xlsx',367700,'2026-01-31 00:00:03',NULL);
INSERT INTO "kb_attachment" VALUES(232,78,'专家智库：城市体检数据治理条目18-expert-78-附件1.pdf','pdf',127800,'2026-01-31 00:00:03',NULL);
INSERT INTO "kb_attachment" VALUES(233,78,'专家智库：城市体检数据治理条目18-expert-78-附件2.docx','docx',247800,'2026-01-31 00:00:03',NULL);
INSERT INTO "kb_attachment" VALUES(234,78,'专家智库：城市体检数据治理条目18-expert-78-附件3.xlsx','xlsx',367800,'2026-01-31 00:00:03',NULL);
INSERT INTO "kb_attachment" VALUES(235,79,'专家智库：城市更新空间品质条目19-expert-79-附件1.pdf','pdf',127900,'2026-01-31 00:00:03',NULL);
INSERT INTO "kb_attachment" VALUES(236,79,'专家智库：城市更新空间品质条目19-expert-79-附件2.docx','docx',247900,'2026-01-31 00:00:03',NULL);
INSERT INTO "kb_attachment" VALUES(237,79,'专家智库：城市更新空间品质条目19-expert-79-附件3.xlsx','xlsx',367900,'2026-01-31 00:00:03',NULL);
INSERT INTO "kb_attachment" VALUES(238,80,'专家智库：城市设计公共服务条目20-expert-80-附件1.pdf','pdf',128000,'2026-01-31 00:00:03',NULL);
INSERT INTO "kb_attachment" VALUES(239,80,'专家智库：城市设计公共服务条目20-expert-80-附件2.docx','docx',248000,'2026-01-31 00:00:03',NULL);
INSERT INTO "kb_attachment" VALUES(240,80,'专家智库：城市设计公共服务条目20-expert-80-附件3.xlsx','xlsx',368000,'2026-01-31 00:00:03',NULL);
INSERT INTO "kb_attachment" VALUES(241,81,'优秀案例：智慧城市老旧小区条目1-case-81-附件1.pdf','pdf',128100,'2026-01-31 00:00:03',NULL);
INSERT INTO "kb_attachment" VALUES(242,81,'优秀案例：智慧城市老旧小区条目1-case-81-附件2.docx','docx',248100,'2026-01-31 00:00:03',NULL);
INSERT INTO "kb_attachment" VALUES(243,81,'优秀案例：智慧城市老旧小区条目1-case-81-附件3.xlsx','xlsx',368100,'2026-01-31 00:00:03',NULL);
INSERT INTO "kb_attachment" VALUES(244,82,'优秀案例：城市体检历史街区条目2-case-82-附件1.pdf','pdf',128200,'2026-01-31 00:00:03',NULL);
INSERT INTO "kb_attachment" VALUES(245,82,'优秀案例：城市体检历史街区条目2-case-82-附件2.docx','docx',248200,'2026-01-31 00:00:03',NULL);
INSERT INTO "kb_attachment" VALUES(246,82,'优秀案例：城市体检历史街区条目2-case-82-附件3.xlsx','xlsx',368200,'2026-01-31 00:00:03',NULL);
INSERT INTO "kb_attachment" VALUES(247,83,'优秀案例：城市更新市政设施条目3-case-83-附件1.pdf','pdf',128300,'2026-01-31 00:00:03',NULL);
INSERT INTO "kb_attachment" VALUES(248,83,'优秀案例：城市更新市政设施条目3-case-83-附件2.docx','docx',248300,'2026-01-31 00:00:03',NULL);
INSERT INTO "kb_attachment" VALUES(249,83,'优秀案例：城市更新市政设施条目3-case-83-附件3.xlsx','xlsx',368300,'2026-01-31 00:00:03',NULL);
INSERT INTO "kb_attachment" VALUES(250,84,'优秀案例：城市设计生态修复条目4-case-84-附件1.pdf','pdf',128400,'2026-01-31 00:00:03',NULL);
INSERT INTO "kb_attachment" VALUES(251,84,'优秀案例：城市设计生态修复条目4-case-84-附件2.docx','docx',248400,'2026-01-31 00:00:03',NULL);
INSERT INTO "kb_attachment" VALUES(252,84,'优秀案例：城市设计生态修复条目4-case-84-附件3.xlsx','xlsx',368400,'2026-01-31 00:00:03',NULL);
INSERT INTO "kb_attachment" VALUES(253,85,'优秀案例：人居环境改善风险防控条目5-case-85-附件1.pdf','pdf',128500,'2026-01-31 00:00:03',NULL);
INSERT INTO "kb_attachment" VALUES(254,85,'优秀案例：人居环境改善风险防控条目5-case-85-附件2.docx','docx',248500,'2026-01-31 00:00:03',NULL);
INSERT INTO "kb_attachment" VALUES(255,85,'优秀案例：人居环境改善风险防控条目5-case-85-附件3.xlsx','xlsx',368500,'2026-01-31 00:00:03',NULL);
INSERT INTO "kb_attachment" VALUES(256,86,'优秀案例：韧性城市实施路径条目6-case-86-附件1.pdf','pdf',128600,'2026-01-31 00:00:03',NULL);
INSERT INTO "kb_attachment" VALUES(257,86,'优秀案例：韧性城市实施路径条目6-case-86-附件2.docx','docx',248600,'2026-01-31 00:00:03',NULL);
INSERT INTO "kb_attachment" VALUES(258,86,'优秀案例：韧性城市实施路径条目6-case-86-附件3.xlsx','xlsx',368600,'2026-01-31 00:00:03',NULL);
INSERT INTO "kb_attachment" VALUES(259,87,'优秀案例：智慧城市指标体系条目7-case-87-附件1.pdf','pdf',128700,'2026-01-31 00:00:03',NULL);
INSERT INTO "kb_attachment" VALUES(260,87,'优秀案例：智慧城市指标体系条目7-case-87-附件2.docx','docx',248700,'2026-01-31 00:00:03',NULL);
INSERT INTO "kb_attachment" VALUES(261,87,'优秀案例：智慧城市指标体系条目7-case-87-附件3.xlsx','xlsx',368700,'2026-01-31 00:00:03',NULL);
INSERT INTO "kb_attachment" VALUES(262,88,'优秀案例：城市体检数据治理条目8-case-88-附件1.pdf','pdf',128800,'2026-01-31 00:00:03',NULL);
INSERT INTO "kb_attachment" VALUES(263,88,'优秀案例：城市体检数据治理条目8-case-88-附件2.docx','docx',248800,'2026-01-31 00:00:03',NULL);
INSERT INTO "kb_attachment" VALUES(264,88,'优秀案例：城市体检数据治理条目8-case-88-附件3.xlsx','xlsx',368800,'2026-01-31 00:00:03',NULL);
INSERT INTO "kb_attachment" VALUES(265,89,'优秀案例：城市更新空间品质条目9-case-89-附件1.pdf','pdf',128900,'2026-01-31 00:00:03',NULL);
INSERT INTO "kb_attachment" VALUES(266,89,'优秀案例：城市更新空间品质条目9-case-89-附件2.docx','docx',248900,'2026-01-31 00:00:03',NULL);
INSERT INTO "kb_attachment" VALUES(267,89,'优秀案例：城市更新空间品质条目9-case-89-附件3.xlsx','xlsx',368900,'2026-01-31 00:00:03',NULL);
INSERT INTO "kb_attachment" VALUES(268,90,'优秀案例：城市设计公共服务条目10-case-90-附件1.pdf','pdf',129000,'2026-01-31 00:00:03',NULL);
INSERT INTO "kb_attachment" VALUES(269,90,'优秀案例：城市设计公共服务条目10-case-90-附件2.docx','docx',249000,'2026-01-31 00:00:03',NULL);
INSERT INTO "kb_attachment" VALUES(270,90,'优秀案例：城市设计公共服务条目10-case-90-附件3.xlsx','xlsx',369000,'2026-01-31 00:00:03',NULL);
INSERT INTO "kb_attachment" VALUES(271,91,'优秀案例：人居环境改善老旧小区条目11-case-91-附件1.pdf','pdf',129100,'2026-01-31 00:00:03',NULL);
INSERT INTO "kb_attachment" VALUES(272,91,'优秀案例：人居环境改善老旧小区条目11-case-91-附件2.docx','docx',249100,'2026-01-31 00:00:03',NULL);
INSERT INTO "kb_attachment" VALUES(273,91,'优秀案例：人居环境改善老旧小区条目11-case-91-附件3.xlsx','xlsx',369100,'2026-01-31 00:00:03',NULL);
INSERT INTO "kb_attachment" VALUES(274,92,'优秀案例：韧性城市历史街区条目12-case-92-附件1.pdf','pdf',129200,'2026-01-31 00:00:03',NULL);
INSERT INTO "kb_attachment" VALUES(275,92,'优秀案例：韧性城市历史街区条目12-case-92-附件2.docx','docx',249200,'2026-01-31 00:00:03',NULL);
INSERT INTO "kb_attachment" VALUES(276,92,'优秀案例：韧性城市历史街区条目12-case-92-附件3.xlsx','xlsx',369200,'2026-01-31 00:00:03',NULL);
INSERT INTO "kb_attachment" VALUES(277,93,'优秀案例：智慧城市市政设施条目13-case-93-附件1.pdf','pdf',129300,'2026-01-31 00:00:03',NULL);
INSERT INTO "kb_attachment" VALUES(278,93,'优秀案例：智慧城市市政设施条目13-case-93-附件2.docx','docx',249300,'2026-01-31 00:00:03',NULL);
INSERT INTO "kb_attachment" VALUES(279,93,'优秀案例：智慧城市市政设施条目13-case-93-附件3.xlsx','xlsx',369300,'2026-01-31 00:00:03',NULL);
INSERT INTO "kb_attachment" VALUES(280,94,'优秀案例：城市体检生态修复条目14-case-94-附件1.pdf','pdf',129400,'2026-01-31 00:00:03',NULL);
INSERT INTO "kb_attachment" VALUES(281,94,'优秀案例：城市体检生态修复条目14-case-94-附件2.docx','docx',249400,'2026-01-31 00:00:03',NULL);
INSERT INTO "kb_attachment" VALUES(282,94,'优秀案例：城市体检生态修复条目14-case-94-附件3.xlsx','xlsx',369400,'2026-01-31 00:00:03',NULL);
INSERT INTO "kb_attachment" VALUES(283,95,'优秀案例：城市更新风险防控条目15-case-95-附件1.pdf','pdf',129500,'2026-01-31 00:00:03',NULL);
INSERT INTO "kb_attachment" VALUES(284,95,'优秀案例：城市更新风险防控条目15-case-95-附件2.docx','docx',249500,'2026-01-31 00:00:03',NULL);
INSERT INTO "kb_attachment" VALUES(285,95,'优秀案例：城市更新风险防控条目15-case-95-附件3.xlsx','xlsx',369500,'2026-01-31 00:00:03',NULL);
INSERT INTO "kb_attachment" VALUES(286,96,'优秀案例：城市设计实施路径条目16-case-96-附件1.pdf','pdf',129600,'2026-01-31 00:00:03',NULL);
INSERT INTO "kb_attachment" VALUES(287,96,'优秀案例：城市设计实施路径条目16-case-96-附件2.docx','docx',249600,'2026-01-31 00:00:03',NULL);
INSERT INTO "kb_attachment" VALUES(288,96,'优秀案例：城市设计实施路径条目16-case-96-附件3.xlsx','xlsx',369600,'2026-01-31 00:00:03',NULL);
INSERT INTO "kb_attachment" VALUES(289,97,'优秀案例：人居环境改善指标体系条目17-case-97-附件1.pdf','pdf',120000,'2026-01-31 00:00:03',NULL);
INSERT INTO "kb_attachment" VALUES(290,97,'优秀案例：人居环境改善指标体系条目17-case-97-附件2.docx','docx',240000,'2026-01-31 00:00:03',NULL);
INSERT INTO "kb_attachment" VALUES(291,97,'优秀案例：人居环境改善指标体系条目17-case-97-附件3.xlsx','xlsx',360000,'2026-01-31 00:00:03',NULL);
INSERT INTO "kb_attachment" VALUES(292,98,'优秀案例：韧性城市数据治理条目18-case-98-附件1.pdf','pdf',120100,'2026-01-31 00:00:03',NULL);
INSERT INTO "kb_attachment" VALUES(293,98,'优秀案例：韧性城市数据治理条目18-case-98-附件2.docx','docx',240100,'2026-01-31 00:00:03',NULL);
INSERT INTO "kb_attachment" VALUES(294,98,'优秀案例：韧性城市数据治理条目18-case-98-附件3.xlsx','xlsx',360100,'2026-01-31 00:00:03',NULL);
INSERT INTO "kb_attachment" VALUES(295,99,'优秀案例：智慧城市空间品质条目19-case-99-附件1.pdf','pdf',120200,'2026-01-31 00:00:03',NULL);
INSERT INTO "kb_attachment" VALUES(296,99,'优秀案例：智慧城市空间品质条目19-case-99-附件2.docx','docx',240200,'2026-01-31 00:00:03',NULL);
INSERT INTO "kb_attachment" VALUES(297,99,'优秀案例：智慧城市空间品质条目19-case-99-附件3.xlsx','xlsx',360200,'2026-01-31 00:00:03',NULL);
INSERT INTO "kb_attachment" VALUES(298,100,'优秀案例：城市体检公共服务条目20-case-100-附件1.pdf','pdf',120300,'2026-01-31 00:00:03',NULL);
INSERT INTO "kb_attachment" VALUES(299,100,'优秀案例：城市体检公共服务条目20-case-100-附件2.docx','docx',240300,'2026-01-31 00:00:03',NULL);
INSERT INTO "kb_attachment" VALUES(300,100,'优秀案例：城市体检公共服务条目20-case-100-附件3.xlsx','xlsx',360300,'2026-01-31 00:00:03',NULL);
INSERT INTO "kb_attachment" VALUES(301,101,'培训课程：城市更新老旧小区条目1-course-101-附件1.pdf','pdf',120400,'2026-01-31 00:00:03',NULL);
INSERT INTO "kb_attachment" VALUES(302,101,'培训课程：城市更新老旧小区条目1-course-101-附件2.docx','docx',240400,'2026-01-31 00:00:03',NULL);
INSERT INTO "kb_attachment" VALUES(303,101,'培训课程：城市更新老旧小区条目1-course-101-附件3.xlsx','xlsx',360400,'2026-01-31 00:00:03',NULL);
INSERT INTO "kb_attachment" VALUES(304,102,'培训课程：城市设计历史街区条目2-course-102-附件1.pdf','pdf',120500,'2026-01-31 00:00:03',NULL);
INSERT INTO "kb_attachment" VALUES(305,102,'培训课程：城市设计历史街区条目2-course-102-附件2.docx','docx',240500,'2026-01-31 00:00:03',NULL);
INSERT INTO "kb_attachment" VALUES(306,102,'培训课程：城市设计历史街区条目2-course-102-附件3.xlsx','xlsx',360500,'2026-01-31 00:00:03',NULL);
INSERT INTO "kb_attachment" VALUES(307,103,'培训课程：人居环境改善市政设施条目3-course-103-附件1.pdf','pdf',120600,'2026-01-31 00:00:03',NULL);
INSERT INTO "kb_attachment" VALUES(308,103,'培训课程：人居环境改善市政设施条目3-course-103-附件2.docx','docx',240600,'2026-01-31 00:00:03',NULL);
INSERT INTO "kb_attachment" VALUES(309,103,'培训课程：人居环境改善市政设施条目3-course-103-附件3.xlsx','xlsx',360600,'2026-01-31 00:00:03',NULL);
INSERT INTO "kb_attachment" VALUES(310,104,'培训课程：韧性城市生态修复条目4-course-104-附件1.pdf','pdf',120700,'2026-01-31 00:00:03',NULL);
INSERT INTO "kb_attachment" VALUES(311,104,'培训课程：韧性城市生态修复条目4-course-104-附件2.docx','docx',240700,'2026-01-31 00:00:03',NULL);
INSERT INTO "kb_attachment" VALUES(312,104,'培训课程：韧性城市生态修复条目4-course-104-附件3.xlsx','xlsx',360700,'2026-01-31 00:00:03',NULL);
INSERT INTO "kb_attachment" VALUES(313,105,'培训课程：智慧城市风险防控条目5-course-105-附件1.pdf','pdf',120800,'2026-01-31 00:00:03',NULL);
INSERT INTO "kb_attachment" VALUES(314,105,'培训课程：智慧城市风险防控条目5-course-105-附件2.docx','docx',240800,'2026-01-31 00:00:03',NULL);
INSERT INTO "kb_attachment" VALUES(315,105,'培训课程：智慧城市风险防控条目5-course-105-附件3.xlsx','xlsx',360800,'2026-01-31 00:00:03',NULL);
INSERT INTO "kb_attachment" VALUES(316,106,'培训课程：城市体检实施路径条目6-course-106-附件1.pdf','pdf',120900,'2026-01-31 00:00:03',NULL);
INSERT INTO "kb_attachment" VALUES(317,106,'培训课程：城市体检实施路径条目6-course-106-附件2.docx','docx',240900,'2026-01-31 00:00:03',NULL);
INSERT INTO "kb_attachment" VALUES(318,106,'培训课程：城市体检实施路径条目6-course-106-附件3.xlsx','xlsx',360900,'2026-01-31 00:00:03',NULL);
INSERT INTO "kb_attachment" VALUES(319,107,'培训课程：城市更新指标体系条目7-course-107-附件1.pdf','pdf',121000,'2026-01-31 00:00:03',NULL);
INSERT INTO "kb_attachment" VALUES(320,107,'培训课程：城市更新指标体系条目7-course-107-附件2.docx','docx',241000,'2026-01-31 00:00:03',NULL);
INSERT INTO "kb_attachment" VALUES(321,107,'培训课程：城市更新指标体系条目7-course-107-附件3.xlsx','xlsx',361000,'2026-01-31 00:00:03',NULL);
INSERT INTO "kb_attachment" VALUES(322,108,'培训课程：城市设计数据治理条目8-course-108-附件1.pdf','pdf',121100,'2026-01-31 00:00:03',NULL);
INSERT INTO "kb_attachment" VALUES(323,108,'培训课程：城市设计数据治理条目8-course-108-附件2.docx','docx',241100,'2026-01-31 00:00:03',NULL);
INSERT INTO "kb_attachment" VALUES(324,108,'培训课程：城市设计数据治理条目8-course-108-附件3.xlsx','xlsx',361100,'2026-01-31 00:00:03',NULL);
INSERT INTO "kb_attachment" VALUES(325,109,'培训课程：人居环境改善空间品质条目9-course-109-附件1.pdf','pdf',121200,'2026-01-31 00:00:03',NULL);
INSERT INTO "kb_attachment" VALUES(326,109,'培训课程：人居环境改善空间品质条目9-course-109-附件2.docx','docx',241200,'2026-01-31 00:00:03',NULL);
INSERT INTO "kb_attachment" VALUES(327,109,'培训课程：人居环境改善空间品质条目9-course-109-附件3.xlsx','xlsx',361200,'2026-01-31 00:00:03',NULL);
INSERT INTO "kb_attachment" VALUES(328,110,'培训课程：韧性城市公共服务条目10-course-110-附件1.pdf','pdf',121300,'2026-01-31 00:00:03',NULL);
INSERT INTO "kb_attachment" VALUES(329,110,'培训课程：韧性城市公共服务条目10-course-110-附件2.docx','docx',241300,'2026-01-31 00:00:03',NULL);
INSERT INTO "kb_attachment" VALUES(330,110,'培训课程：韧性城市公共服务条目10-course-110-附件3.xlsx','xlsx',361300,'2026-01-31 00:00:03',NULL);
INSERT INTO "kb_attachment" VALUES(331,111,'培训课程：智慧城市老旧小区条目11-course-111-附件1.pdf','pdf',121400,'2026-01-31 00:00:03',NULL);
INSERT INTO "kb_attachment" VALUES(332,111,'培训课程：智慧城市老旧小区条目11-course-111-附件2.docx','docx',241400,'2026-01-31 00:00:03',NULL);
INSERT INTO "kb_attachment" VALUES(333,111,'培训课程：智慧城市老旧小区条目11-course-111-附件3.xlsx','xlsx',361400,'2026-01-31 00:00:03',NULL);
INSERT INTO "kb_attachment" VALUES(334,112,'培训课程：城市体检历史街区条目12-course-112-附件1.pdf','pdf',121500,'2026-01-31 00:00:03',NULL);
INSERT INTO "kb_attachment" VALUES(335,112,'培训课程：城市体检历史街区条目12-course-112-附件2.docx','docx',241500,'2026-01-31 00:00:03',NULL);
INSERT INTO "kb_attachment" VALUES(336,112,'培训课程：城市体检历史街区条目12-course-112-附件3.xlsx','xlsx',361500,'2026-01-31 00:00:03',NULL);
INSERT INTO "kb_attachment" VALUES(337,113,'培训课程：城市更新市政设施条目13-course-113-附件1.pdf','pdf',121600,'2026-01-31 00:00:03',NULL);
INSERT INTO "kb_attachment" VALUES(338,113,'培训课程：城市更新市政设施条目13-course-113-附件2.docx','docx',241600,'2026-01-31 00:00:03',NULL);
INSERT INTO "kb_attachment" VALUES(339,113,'培训课程：城市更新市政设施条目13-course-113-附件3.xlsx','xlsx',361600,'2026-01-31 00:00:03',NULL);
INSERT INTO "kb_attachment" VALUES(340,114,'培训课程：城市设计生态修复条目14-course-114-附件1.pdf','pdf',121700,'2026-01-31 00:00:03',NULL);
INSERT INTO "kb_attachment" VALUES(341,114,'培训课程：城市设计生态修复条目14-course-114-附件2.docx','docx',241700,'2026-01-31 00:00:03',NULL);
INSERT INTO "kb_attachment" VALUES(342,114,'培训课程：城市设计生态修复条目14-course-114-附件3.xlsx','xlsx',361700,'2026-01-31 00:00:03',NULL);
INSERT INTO "kb_attachment" VALUES(343,115,'培训课程：人居环境改善风险防控条目15-course-115-附件1.pdf','pdf',121800,'2026-01-31 00:00:03',NULL);
INSERT INTO "kb_attachment" VALUES(344,115,'培训课程：人居环境改善风险防控条目15-course-115-附件2.docx','docx',241800,'2026-01-31 00:00:03',NULL);
INSERT INTO "kb_attachment" VALUES(345,115,'培训课程：人居环境改善风险防控条目15-course-115-附件3.xlsx','xlsx',361800,'2026-01-31 00:00:03',NULL);
INSERT INTO "kb_attachment" VALUES(346,116,'培训课程：韧性城市实施路径条目16-course-116-附件1.pdf','pdf',121900,'2026-01-31 00:00:03',NULL);
INSERT INTO "kb_attachment" VALUES(347,116,'培训课程：韧性城市实施路径条目16-course-116-附件2.docx','docx',241900,'2026-01-31 00:00:03',NULL);
INSERT INTO "kb_attachment" VALUES(348,116,'培训课程：韧性城市实施路径条目16-course-116-附件3.xlsx','xlsx',361900,'2026-01-31 00:00:03',NULL);
INSERT INTO "kb_attachment" VALUES(349,117,'培训课程：智慧城市指标体系条目17-course-117-附件1.pdf','pdf',122000,'2026-01-31 00:00:03',NULL);
INSERT INTO "kb_attachment" VALUES(350,117,'培训课程：智慧城市指标体系条目17-course-117-附件2.docx','docx',242000,'2026-01-31 00:00:03',NULL);
INSERT INTO "kb_attachment" VALUES(351,117,'培训课程：智慧城市指标体系条目17-course-117-附件3.xlsx','xlsx',362000,'2026-01-31 00:00:03',NULL);
INSERT INTO "kb_attachment" VALUES(352,118,'培训课程：城市体检数据治理条目18-course-118-附件1.pdf','pdf',122100,'2026-01-31 00:00:03',NULL);
INSERT INTO "kb_attachment" VALUES(353,118,'培训课程：城市体检数据治理条目18-course-118-附件2.docx','docx',242100,'2026-01-31 00:00:03',NULL);
INSERT INTO "kb_attachment" VALUES(354,118,'培训课程：城市体检数据治理条目18-course-118-附件3.xlsx','xlsx',362100,'2026-01-31 00:00:03',NULL);
INSERT INTO "kb_attachment" VALUES(355,119,'培训课程：城市更新空间品质条目19-course-119-附件1.pdf','pdf',122200,'2026-01-31 00:00:03',NULL);
INSERT INTO "kb_attachment" VALUES(356,119,'培训课程：城市更新空间品质条目19-course-119-附件2.docx','docx',242200,'2026-01-31 00:00:03',NULL);
INSERT INTO "kb_attachment" VALUES(357,119,'培训课程：城市更新空间品质条目19-course-119-附件3.xlsx','xlsx',362200,'2026-01-31 00:00:03',NULL);
INSERT INTO "kb_attachment" VALUES(358,120,'培训课程：城市设计公共服务条目20-course-120-附件1.pdf','pdf',122300,'2026-01-31 00:00:03',NULL);
INSERT INTO "kb_attachment" VALUES(359,120,'培训课程：城市设计公共服务条目20-course-120-附件2.docx','docx',242300,'2026-01-31 00:00:03',NULL);
INSERT INTO "kb_attachment" VALUES(360,120,'培训课程：城市设计公共服务条目20-course-120-附件3.xlsx','xlsx',362300,'2026-01-31 00:00:03',NULL);
INSERT INTO "kb_attachment" VALUES(361,121,'Letter_Times_New_Roman.docx','docx',38701,'2026-02-04 00:37:30','');
CREATE TABLE kb_category (
                  id INTEGER PRIMARY KEY AUTOINCREMENT,
                  column_code TEXT NOT NULL,
                  name TEXT NOT NULL,
                  sort_no INTEGER NOT NULL DEFAULT 0,
                  created_at TEXT NOT NULL DEFAULT (datetime('now')),
                  UNIQUE (column_code, name)
                );
INSERT INTO "kb_category" VALUES(1,'policy','城市体检',10,'2026-01-31 00:00:03');
INSERT INTO "kb_category" VALUES(2,'policy','城市更新',20,'2026-01-31 00:00:03');
INSERT INTO "kb_category" VALUES(3,'policy','城市设计',30,'2026-01-31 00:00:03');
INSERT INTO "kb_category" VALUES(4,'policy','人居环境改善',40,'2026-01-31 00:00:03');
INSERT INTO "kb_category" VALUES(5,'standard','城市体检',10,'2026-01-31 00:00:03');
INSERT INTO "kb_category" VALUES(6,'standard','城市更新',20,'2026-01-31 00:00:03');
INSERT INTO "kb_category" VALUES(7,'standard','城市设计',30,'2026-01-31 00:00:03');
INSERT INTO "kb_category" VALUES(8,'standard','人居环境改善',40,'2026-01-31 00:00:03');
INSERT INTO "kb_category" VALUES(9,'mechanism','城市更新专项小组',10,'2026-01-31 00:00:03');
INSERT INTO "kb_category" VALUES(10,'mechanism','城市更新工作联席会议',20,'2026-01-31 00:00:03');
INSERT INTO "kb_category" VALUES(11,'mechanism','人居环境改善工作机制',30,'2026-01-31 00:00:03');
INSERT INTO "kb_category" VALUES(12,'expert','城市体检',10,'2026-01-31 00:00:03');
INSERT INTO "kb_category" VALUES(13,'expert','城市更新',20,'2026-01-31 00:00:03');
INSERT INTO "kb_category" VALUES(14,'expert','城市设计',30,'2026-01-31 00:00:03');
INSERT INTO "kb_category" VALUES(15,'expert','人居环境改善',40,'2026-01-31 00:00:03');
INSERT INTO "kb_category" VALUES(16,'case','城市体检',10,'2026-01-31 00:00:03');
INSERT INTO "kb_category" VALUES(17,'case','城市更新',20,'2026-01-31 00:00:03');
INSERT INTO "kb_category" VALUES(18,'case','城市设计',30,'2026-01-31 00:00:03');
INSERT INTO "kb_category" VALUES(19,'case','人居环境改善',40,'2026-01-31 00:00:03');
INSERT INTO "kb_category" VALUES(20,'course','城市体检',10,'2026-01-31 00:00:03');
INSERT INTO "kb_category" VALUES(21,'course','城市更新',20,'2026-01-31 00:00:03');
INSERT INTO "kb_category" VALUES(22,'course','城市设计',30,'2026-01-31 00:00:03');
INSERT INTO "kb_category" VALUES(23,'course','人居环境改善',40,'2026-01-31 00:00:03');
CREATE TABLE kb_column (
                  code TEXT PRIMARY KEY,
                  name TEXT NOT NULL,
                  description TEXT DEFAULT NULL,
                  sort_no INTEGER NOT NULL DEFAULT 0,
                  created_at TEXT NOT NULL DEFAULT (datetime('now'))
                );
INSERT INTO "kb_column" VALUES('policy','政策法规','政策法规文件浏览与检索',10,'2026-01-30 05:12:57');
INSERT INTO "kb_column" VALUES('standard','标准规范','标准规范文件浏览与检索',20,'2026-01-30 05:12:57');
INSERT INTO "kb_column" VALUES('mechanism','工作机制','工作机制文件资料浏览与检索',30,'2026-01-30 05:12:57');
INSERT INTO "kb_column" VALUES('expert','专家智库','专家信息浏览与检索',40,'2026-01-30 05:12:57');
INSERT INTO "kb_column" VALUES('case','优秀案例','优秀案例浏览与检索',50,'2026-01-30 05:12:57');
INSERT INTO "kb_column" VALUES('course','培训课程','培训课程浏览与检索',60,'2026-01-30 05:12:57');
CREATE TABLE kb_download_log (
                  id INTEGER PRIMARY KEY AUTOINCREMENT,
                  user_id TEXT NOT NULL,
                  item_id INTEGER NOT NULL,
                  created_at TEXT NOT NULL DEFAULT (datetime('now')),
                  FOREIGN KEY (item_id) REFERENCES kb_item(id) ON DELETE CASCADE
                );
INSERT INTO "kb_download_log" VALUES(1,'u1',41,'2026-01-31 00:00:45');
INSERT INTO "kb_download_log" VALUES(2,'2',123,'2026-02-02 04:11:53');
INSERT INTO "kb_download_log" VALUES(3,'2',122,'2026-02-02 23:16:02');
INSERT INTO "kb_download_log" VALUES(4,'2',121,'2026-02-04 00:36:57');
INSERT INTO "kb_download_log" VALUES(5,'2',121,'2026-02-04 00:37:52');
INSERT INTO "kb_download_log" VALUES(6,'2',121,'2026-02-04 01:41:22');
CREATE TABLE kb_favorite (
                  user_id TEXT NOT NULL,
                  item_id INTEGER NOT NULL,
                  created_at TEXT NOT NULL DEFAULT (datetime('now')),
                  PRIMARY KEY (user_id, item_id),
                  FOREIGN KEY (item_id) REFERENCES kb_item(id) ON DELETE CASCADE
                );
INSERT INTO "kb_favorite" VALUES('u1',41,'2026-01-31 00:00:39');
INSERT INTO "kb_favorite" VALUES('2',1,'2026-02-03 00:05:11');
INSERT INTO "kb_favorite" VALUES('2',25,'2026-02-03 00:05:20');
INSERT INTO "kb_favorite" VALUES('2',8,'2026-02-03 03:41:07');
CREATE TABLE kb_item (
                  id INTEGER PRIMARY KEY AUTOINCREMENT,
                  column_code TEXT NOT NULL,
                  title TEXT NOT NULL,
                  summary TEXT DEFAULT NULL,
                  content TEXT DEFAULT NULL,
                  publish_org TEXT DEFAULT NULL,
                  doc_no TEXT DEFAULT NULL,
                  publish_time TEXT DEFAULT NULL,
                  views INTEGER NOT NULL DEFAULT 0,
                  created_at TEXT NOT NULL DEFAULT (datetime('now')),
                  updated_at TEXT NOT NULL DEFAULT (datetime('now'))
                , author TEXT DEFAULT NULL, download_count INTEGER NOT NULL DEFAULT 0, favorite_count INTEGER NOT NULL DEFAULT 0, image_urls TEXT DEFAULT NULL, user_id TEXT DEFAULT NULL, view_count INTEGER NOT NULL DEFAULT 0, collect_count INTEGER NOT NULL DEFAULT 0, subtitle TEXT DEFAULT NULL, tags TEXT DEFAULT NULL, is_top INTEGER NOT NULL DEFAULT 0, seo_keywords TEXT DEFAULT NULL);
INSERT INTO "kb_item" VALUES(1,'policy','政策法规：城市更新老旧小区条目1','围绕城市更新的老旧小区整理要点与实施建议。','<p><strong>政策法规：城市更新老旧小区条目1</strong></p><p>围绕城市更新的老旧小区整理要点与实施建议。</p>','规划设计研究院','KB-POLICY-001','2026-01-19',490,'2026-01-31 00:00:03','2026-02-03 00:05:10','业务专员',0,1,NULL,NULL,0,0,NULL,NULL,0,NULL);
INSERT INTO "kb_item" VALUES(2,'policy','政策法规：城市设计历史街区条目2','围绕城市设计的历史街区整理要点与实施建议。','<p><strong>政策法规：城市设计历史街区条目2</strong></p><p>围绕城市设计的历史街区整理要点与实施建议。</p>','住房和城乡建设局','KB-POLICY-002','2026-01-13',476,'2026-01-31 00:00:03','2026-01-31 00:00:03','系统管理员',0,0,NULL,NULL,0,0,NULL,NULL,0,NULL);
INSERT INTO "kb_item" VALUES(3,'policy','政策法规：人居环境改善市政设施条目3','围绕人居环境改善的市政设施整理要点与实施建议。','<p><strong>政策法规：人居环境改善市政设施条目3</strong></p><p>围绕人居环境改善的市政设施整理要点与实施建议。</p>','自然资源和规划局','KB-POLICY-003','2026-01-07',463,'2026-01-31 00:00:03','2026-01-31 00:00:03','业务专员',0,0,NULL,NULL,0,0,NULL,NULL,0,NULL);
INSERT INTO "kb_item" VALUES(4,'policy','政策法规：韧性城市生态修复条目4','围绕韧性城市的生态修复整理要点与实施建议。','<p><strong>政策法规：韧性城市生态修复条目4</strong></p><p>围绕韧性城市的生态修复整理要点与实施建议。</p>','城市更新中心','KB-POLICY-004','2026-01-01',450,'2026-01-31 00:00:03','2026-01-31 00:00:03','系统管理员',0,0,NULL,NULL,0,0,NULL,NULL,0,NULL);
INSERT INTO "kb_item" VALUES(5,'policy','政策法规：智慧城市风险防控条目5','围绕智慧城市的风险防控整理要点与实施建议。','<p><strong>政策法规：智慧城市风险防控条目5</strong></p><p>围绕智慧城市的风险防控整理要点与实施建议。</p>','市政工程管理处','KB-POLICY-005','2025-12-26',437,'2026-01-31 00:00:03','2026-01-31 00:00:03','业务专员',0,0,NULL,NULL,0,0,NULL,NULL,0,NULL);
INSERT INTO "kb_item" VALUES(6,'policy','政策法规：城市体检实施路径条目6','围绕城市体检的实施路径整理要点与实施建议。','<p><strong>政策法规：城市体检实施路径条目6</strong></p><p>围绕城市体检的实施路径整理要点与实施建议。</p>','人居环境改善专班','KB-POLICY-006','2025-12-20',424,'2026-01-31 00:00:03','2026-01-31 00:00:03','系统管理员',0,0,NULL,NULL,0,0,NULL,NULL,0,NULL);
INSERT INTO "kb_item" VALUES(7,'policy','政策法规：城市更新指标体系条目7','围绕城市更新的指标体系整理要点与实施建议。','<p><strong>政策法规：城市更新指标体系条目7</strong></p><p>围绕城市更新的指标体系整理要点与实施建议。</p>','城市体检评估工作组','KB-POLICY-007','2025-12-14',411,'2026-01-31 00:00:03','2026-01-31 00:00:03','业务专员',0,0,NULL,NULL,0,0,NULL,NULL,0,NULL);
INSERT INTO "kb_item" VALUES(8,'policy','政策法规：城市设计数据治理条目8','围绕城市设计的数据治理整理要点与实施建议。','<p><strong>政策法规：城市设计数据治理条目8</strong></p><p>围绕城市设计的数据治理整理要点与实施建议。</p>','城乡建设研究院','KB-POLICY-008','2025-12-08',399,'2026-01-31 00:00:03','2026-02-03 03:41:06','系统管理员',0,1,NULL,NULL,0,0,NULL,NULL,0,NULL);
INSERT INTO "kb_item" VALUES(9,'policy','政策法规：人居环境改善空间品质条目9','围绕人居环境改善的空间品质整理要点与实施建议。','<p><strong>政策法规：人居环境改善空间品质条目9</strong></p><p>围绕人居环境改善的空间品质整理要点与实施建议。</p>','规划设计研究院','KB-POLICY-009','2025-12-02',385,'2026-01-31 00:00:03','2026-01-31 00:00:03','业务专员',0,0,NULL,NULL,0,0,NULL,NULL,0,NULL);
INSERT INTO "kb_item" VALUES(10,'policy','政策法规：韧性城市公共服务条目10','围绕韧性城市的公共服务整理要点与实施建议。','<p><strong>政策法规：韧性城市公共服务条目10</strong></p><p>围绕韧性城市的公共服务整理要点与实施建议。</p>','住房和城乡建设局','KB-POLICY-010','2025-11-26',372,'2026-01-31 00:00:03','2026-01-31 00:00:03','系统管理员',0,0,NULL,NULL,0,0,NULL,NULL,0,NULL);
INSERT INTO "kb_item" VALUES(11,'policy','政策法规：智慧城市老旧小区条目11','围绕智慧城市的老旧小区整理要点与实施建议。','<p><strong>政策法规：智慧城市老旧小区条目11</strong></p><p>围绕智慧城市的老旧小区整理要点与实施建议。</p>','自然资源和规划局','KB-POLICY-011','2025-11-20',359,'2026-01-31 00:00:03','2026-01-31 00:00:03','业务专员',0,0,NULL,NULL,0,0,NULL,NULL,0,NULL);
INSERT INTO "kb_item" VALUES(12,'policy','政策法规：城市体检历史街区条目12','围绕城市体检的历史街区整理要点与实施建议。','<p><strong>政策法规：城市体检历史街区条目12</strong></p><p>围绕城市体检的历史街区整理要点与实施建议。</p>','城市更新中心','KB-POLICY-012','2025-11-14',346,'2026-01-31 00:00:03','2026-01-31 00:00:03','系统管理员',0,0,NULL,NULL,0,0,NULL,NULL,0,NULL);
INSERT INTO "kb_item" VALUES(13,'policy','政策法规：城市更新市政设施条目13','围绕城市更新的市政设施整理要点与实施建议。','<p><strong>政策法规：城市更新市政设施条目13</strong></p><p>围绕城市更新的市政设施整理要点与实施建议。</p>','市政工程管理处','KB-POLICY-013','2025-11-08',333,'2026-01-31 00:00:03','2026-01-31 00:00:03','业务专员',0,0,NULL,NULL,0,0,NULL,NULL,0,NULL);
INSERT INTO "kb_item" VALUES(14,'policy','政策法规：城市设计生态修复条目14','围绕城市设计的生态修复整理要点与实施建议。','<p><strong>政策法规：城市设计生态修复条目14</strong></p><p>围绕城市设计的生态修复整理要点与实施建议。</p>','人居环境改善专班','KB-POLICY-014','2025-11-02',320,'2026-01-31 00:00:03','2026-01-31 00:00:03','系统管理员',0,0,NULL,NULL,0,0,NULL,NULL,0,NULL);
INSERT INTO "kb_item" VALUES(15,'policy','政策法规：人居环境改善风险防控条目15','围绕人居环境改善的风险防控整理要点与实施建议。','<p><strong>政策法规：人居环境改善风险防控条目15</strong></p><p>围绕人居环境改善的风险防控整理要点与实施建议。</p>','城市体检评估工作组','KB-POLICY-015','2025-10-27',307,'2026-01-31 00:00:03','2026-01-31 00:00:03','业务专员',0,0,NULL,NULL,0,0,NULL,NULL,0,NULL);
INSERT INTO "kb_item" VALUES(16,'policy','政策法规：韧性城市实施路径条目16','围绕韧性城市的实施路径整理要点与实施建议。','<p><strong>政策法规：韧性城市实施路径条目16</strong></p><p>围绕韧性城市的实施路径整理要点与实施建议。</p>','城乡建设研究院','KB-POLICY-016','2025-10-21',294,'2026-01-31 00:00:03','2026-01-31 00:00:03','系统管理员',0,0,NULL,NULL,0,0,NULL,NULL,0,NULL);
INSERT INTO "kb_item" VALUES(17,'policy','政策法规：智慧城市指标体系条目17','围绕智慧城市的指标体系整理要点与实施建议。','<p><strong>政策法规：智慧城市指标体系条目17</strong></p><p>围绕智慧城市的指标体系整理要点与实施建议。</p>','规划设计研究院','KB-POLICY-017','2025-10-15',281,'2026-01-31 00:00:03','2026-01-31 00:00:03','业务专员',0,0,NULL,NULL,0,0,NULL,NULL,0,NULL);
INSERT INTO "kb_item" VALUES(18,'policy','政策法规：城市体检数据治理条目18','围绕城市体检的数据治理整理要点与实施建议。','<p><strong>政策法规：城市体检数据治理条目18</strong></p><p>围绕城市体检的数据治理整理要点与实施建议。</p>','住房和城乡建设局','KB-POLICY-018','2025-10-09',268,'2026-01-31 00:00:03','2026-01-31 00:00:03','系统管理员',0,0,NULL,NULL,0,0,NULL,NULL,0,NULL);
INSERT INTO "kb_item" VALUES(19,'policy','政策法规：城市更新空间品质条目19','围绕城市更新的空间品质整理要点与实施建议。','<p><strong>政策法规：城市更新空间品质条目19</strong></p><p>围绕城市更新的空间品质整理要点与实施建议。</p>','自然资源和规划局','KB-POLICY-019','2025-10-03',255,'2026-01-31 00:00:03','2026-01-31 00:00:03','业务专员',0,0,NULL,NULL,0,0,NULL,NULL,0,NULL);
INSERT INTO "kb_item" VALUES(20,'policy','政策法规：城市设计公共服务条目20','围绕城市设计的公共服务整理要点与实施建议。','<p><strong>政策法规：城市设计公共服务条目20</strong></p><p>围绕城市设计的公共服务整理要点与实施建议。</p>','城市更新中心','KB-POLICY-020','2025-09-27',242,'2026-01-31 00:00:03','2026-01-31 00:00:03','系统管理员',0,0,NULL,NULL,0,0,NULL,NULL,0,NULL);
INSERT INTO "kb_item" VALUES(21,'standard','标准规范：人居环境改善老旧小区条目1','围绕人居环境改善的老旧小区整理要点与实施建议。','<p><strong>标准规范：人居环境改善老旧小区条目1</strong></p><p>围绕人居环境改善的老旧小区整理要点与实施建议。</p>','自然资源和规划局','KB-STANDARD-001','2026-01-17',503,'2026-01-31 00:00:03','2026-01-31 00:00:03','业务专员',0,0,NULL,NULL,0,0,NULL,NULL,0,NULL);
INSERT INTO "kb_item" VALUES(22,'standard','标准规范：韧性城市历史街区条目2','围绕韧性城市的历史街区整理要点与实施建议。','<p><strong>标准规范：韧性城市历史街区条目2</strong></p><p>围绕韧性城市的历史街区整理要点与实施建议。</p>','城市更新中心','KB-STANDARD-002','2026-01-11',490,'2026-01-31 00:00:03','2026-01-31 00:00:03','系统管理员',0,0,NULL,NULL,0,0,NULL,NULL,0,NULL);
INSERT INTO "kb_item" VALUES(23,'standard','标准规范：智慧城市市政设施条目3','围绕智慧城市的市政设施整理要点与实施建议。','<p><strong>标准规范：智慧城市市政设施条目3</strong></p><p>围绕智慧城市的市政设施整理要点与实施建议。</p>','市政工程管理处','KB-STANDARD-003','2026-01-05',477,'2026-01-31 00:00:03','2026-01-31 00:00:03','业务专员',0,0,NULL,NULL,0,0,NULL,NULL,0,NULL);
INSERT INTO "kb_item" VALUES(24,'standard','标准规范：城市体检生态修复条目4','围绕城市体检的生态修复整理要点与实施建议。','<p><strong>标准规范：城市体检生态修复条目4</strong></p><p>围绕城市体检的生态修复整理要点与实施建议。</p>','人居环境改善专班','KB-STANDARD-004','2025-12-30',464,'2026-01-31 00:00:03','2026-01-31 00:00:03','系统管理员',0,0,NULL,NULL,0,0,NULL,NULL,0,NULL);
INSERT INTO "kb_item" VALUES(25,'standard','标准规范：城市更新风险防控条目5','围绕城市更新的风险防控整理要点与实施建议。','<p><strong>标准规范：城市更新风险防控条目5</strong></p><p>围绕城市更新的风险防控整理要点与实施建议。</p>','城市体检评估工作组','KB-STANDARD-005','2025-12-24',452,'2026-01-31 00:00:03','2026-02-03 00:05:18','业务专员',0,1,NULL,NULL,0,0,NULL,NULL,0,NULL);
INSERT INTO "kb_item" VALUES(26,'standard','标准规范：城市设计实施路径条目6','围绕城市设计的实施路径整理要点与实施建议。','<p><strong>标准规范：城市设计实施路径条目6</strong></p><p>围绕城市设计的实施路径整理要点与实施建议。</p>','城乡建设研究院','KB-STANDARD-006','2025-12-18',438,'2026-01-31 00:00:03','2026-01-31 00:00:03','系统管理员',0,0,NULL,NULL,0,0,NULL,NULL,0,NULL);
INSERT INTO "kb_item" VALUES(27,'standard','标准规范：人居环境改善指标体系条目7','围绕人居环境改善的指标体系整理要点与实施建议。','<p><strong>标准规范：人居环境改善指标体系条目7</strong></p><p>围绕人居环境改善的指标体系整理要点与实施建议。</p>','规划设计研究院','KB-STANDARD-007','2025-12-12',425,'2026-01-31 00:00:03','2026-01-31 00:00:03','业务专员',0,0,NULL,NULL,0,0,NULL,NULL,0,NULL);
INSERT INTO "kb_item" VALUES(28,'standard','标准规范：韧性城市数据治理条目8','围绕韧性城市的数据治理整理要点与实施建议。','<p><strong>标准规范：韧性城市数据治理条目8</strong></p><p>围绕韧性城市的数据治理整理要点与实施建议。</p>','住房和城乡建设局','KB-STANDARD-008','2025-12-06',412,'2026-01-31 00:00:03','2026-01-31 00:00:03','系统管理员',0,0,NULL,NULL,0,0,NULL,NULL,0,NULL);
INSERT INTO "kb_item" VALUES(29,'standard','标准规范：智慧城市空间品质条目9','围绕智慧城市的空间品质整理要点与实施建议。','<p><strong>标准规范：智慧城市空间品质条目9</strong></p><p>围绕智慧城市的空间品质整理要点与实施建议。</p>','自然资源和规划局','KB-STANDARD-009','2025-11-30',399,'2026-01-31 00:00:03','2026-01-31 00:00:03','业务专员',0,0,NULL,NULL,0,0,NULL,NULL,0,NULL);
INSERT INTO "kb_item" VALUES(30,'standard','标准规范：城市体检公共服务条目10','围绕城市体检的公共服务整理要点与实施建议。','<p><strong>标准规范：城市体检公共服务条目10</strong></p><p>围绕城市体检的公共服务整理要点与实施建议。</p>','城市更新中心','KB-STANDARD-010','2025-11-24',386,'2026-01-31 00:00:03','2026-01-31 00:00:03','系统管理员',0,0,NULL,NULL,0,0,NULL,NULL,0,NULL);
INSERT INTO "kb_item" VALUES(31,'standard','标准规范：城市更新老旧小区条目11','围绕城市更新的老旧小区整理要点与实施建议。','<p><strong>标准规范：城市更新老旧小区条目11</strong></p><p>围绕城市更新的老旧小区整理要点与实施建议。</p>','市政工程管理处','KB-STANDARD-011','2025-11-18',373,'2026-01-31 00:00:03','2026-01-31 00:00:03','业务专员',0,0,NULL,NULL,0,0,NULL,NULL,0,NULL);
INSERT INTO "kb_item" VALUES(32,'standard','标准规范：城市设计历史街区条目12','围绕城市设计的历史街区整理要点与实施建议。','<p><strong>标准规范：城市设计历史街区条目12</strong></p><p>围绕城市设计的历史街区整理要点与实施建议。</p>','人居环境改善专班','KB-STANDARD-012','2025-11-12',360,'2026-01-31 00:00:03','2026-01-31 00:00:03','系统管理员',0,0,NULL,NULL,0,0,NULL,NULL,0,NULL);
INSERT INTO "kb_item" VALUES(33,'standard','标准规范：人居环境改善市政设施条目13','围绕人居环境改善的市政设施整理要点与实施建议。','<p><strong>标准规范：人居环境改善市政设施条目13</strong></p><p>围绕人居环境改善的市政设施整理要点与实施建议。</p>','城市体检评估工作组','KB-STANDARD-013','2025-11-06',347,'2026-01-31 00:00:03','2026-01-31 00:00:03','业务专员',0,0,NULL,NULL,0,0,NULL,NULL,0,NULL);
INSERT INTO "kb_item" VALUES(34,'standard','标准规范：韧性城市生态修复条目14','围绕韧性城市的生态修复整理要点与实施建议。','<p><strong>标准规范：韧性城市生态修复条目14</strong></p><p>围绕韧性城市的生态修复整理要点与实施建议。</p>','城乡建设研究院','KB-STANDARD-014','2025-10-31',334,'2026-01-31 00:00:03','2026-01-31 00:00:03','系统管理员',0,0,NULL,NULL,0,0,NULL,NULL,0,NULL);
INSERT INTO "kb_item" VALUES(35,'standard','标准规范：智慧城市风险防控条目15','围绕智慧城市的风险防控整理要点与实施建议。','<p><strong>标准规范：智慧城市风险防控条目15</strong></p><p>围绕智慧城市的风险防控整理要点与实施建议。</p>','规划设计研究院','KB-STANDARD-015','2025-10-25',321,'2026-01-31 00:00:03','2026-01-31 00:00:03','业务专员',0,0,NULL,NULL,0,0,NULL,NULL,0,NULL);
INSERT INTO "kb_item" VALUES(36,'standard','标准规范：城市体检实施路径条目16','围绕城市体检的实施路径整理要点与实施建议。','<p><strong>标准规范：城市体检实施路径条目16</strong></p><p>围绕城市体检的实施路径整理要点与实施建议。</p>','住房和城乡建设局','KB-STANDARD-016','2025-10-19',308,'2026-01-31 00:00:03','2026-01-31 00:00:03','系统管理员',0,0,NULL,NULL,0,0,NULL,NULL,0,NULL);
INSERT INTO "kb_item" VALUES(37,'standard','标准规范：城市更新指标体系条目17','围绕城市更新的指标体系整理要点与实施建议。','<p><strong>标准规范：城市更新指标体系条目17</strong></p><p>围绕城市更新的指标体系整理要点与实施建议。</p>','自然资源和规划局','KB-STANDARD-017','2025-10-13',295,'2026-01-31 00:00:03','2026-01-31 00:00:03','业务专员',0,0,NULL,NULL,0,0,NULL,NULL,0,NULL);
INSERT INTO "kb_item" VALUES(38,'standard','标准规范：城市设计数据治理条目18','围绕城市设计的数据治理整理要点与实施建议。','<p><strong>标准规范：城市设计数据治理条目18</strong></p><p>围绕城市设计的数据治理整理要点与实施建议。</p>','城市更新中心','KB-STANDARD-018','2025-10-07',282,'2026-01-31 00:00:03','2026-01-31 00:00:03','系统管理员',0,0,NULL,NULL,0,0,NULL,NULL,0,NULL);
INSERT INTO "kb_item" VALUES(39,'standard','标准规范：人居环境改善空间品质条目19','围绕人居环境改善的空间品质整理要点与实施建议。','<p><strong>标准规范：人居环境改善空间品质条目19</strong></p><p>围绕人居环境改善的空间品质整理要点与实施建议。</p>','市政工程管理处','KB-STANDARD-019','2025-10-01',269,'2026-01-31 00:00:03','2026-01-31 00:00:03','业务专员',0,0,NULL,NULL,0,0,NULL,NULL,0,NULL);
INSERT INTO "kb_item" VALUES(40,'standard','标准规范：韧性城市公共服务条目20','围绕韧性城市的公共服务整理要点与实施建议。','<p><strong>标准规范：韧性城市公共服务条目20</strong></p><p>围绕韧性城市的公共服务整理要点与实施建议。</p>','人居环境改善专班','KB-STANDARD-020','2025-09-25',256,'2026-01-31 00:00:03','2026-01-31 00:00:03','系统管理员',0,0,NULL,NULL,0,0,NULL,NULL,0,NULL);
INSERT INTO "kb_item" VALUES(41,'mechanism','工作机制：韧性城市老旧小区条目1','围绕韧性城市的老旧小区整理要点与实施建议。','<p><strong>工作机制：韧性城市老旧小区条目1</strong></p><p>围绕韧性城市的老旧小区整理要点与实施建议。</p>','城市更新中心','KB-MECHANISM-001','2026-01-16',511,'2026-01-31 00:00:03','2026-01-31 00:00:46','业务专员',1,1,NULL,NULL,0,0,NULL,NULL,0,NULL);
INSERT INTO "kb_item" VALUES(42,'mechanism','工作机制：智慧城市历史街区条目2','围绕智慧城市的历史街区整理要点与实施建议。','<p><strong>工作机制：智慧城市历史街区条目2</strong></p><p>围绕智慧城市的历史街区整理要点与实施建议。</p>','市政工程管理处','KB-MECHANISM-002','2026-01-10',497,'2026-01-31 00:00:03','2026-01-31 00:00:03','系统管理员',0,0,NULL,NULL,0,0,NULL,NULL,0,NULL);
INSERT INTO "kb_item" VALUES(43,'mechanism','工作机制：城市体检市政设施条目3','围绕城市体检的市政设施整理要点与实施建议。','<p><strong>工作机制：城市体检市政设施条目3</strong></p><p>围绕城市体检的市政设施整理要点与实施建议。</p>','人居环境改善专班','KB-MECHANISM-003','2026-01-04',484,'2026-01-31 00:00:03','2026-01-31 00:00:03','业务专员',0,0,NULL,NULL,0,0,NULL,NULL,0,NULL);
INSERT INTO "kb_item" VALUES(44,'mechanism','工作机制：城市更新生态修复条目4','围绕城市更新的生态修复整理要点与实施建议。','<p><strong>工作机制：城市更新生态修复条目4</strong></p><p>围绕城市更新的生态修复整理要点与实施建议。</p>','城市体检评估工作组','KB-MECHANISM-004','2025-12-29',471,'2026-01-31 00:00:03','2026-01-31 00:00:03','系统管理员',0,0,NULL,NULL,0,0,NULL,NULL,0,NULL);
INSERT INTO "kb_item" VALUES(45,'mechanism','工作机制：城市设计风险防控条目5','围绕城市设计的风险防控整理要点与实施建议。','<p><strong>工作机制：城市设计风险防控条目5</strong></p><p>围绕城市设计的风险防控整理要点与实施建议。</p>','城乡建设研究院','KB-MECHANISM-005','2025-12-23',458,'2026-01-31 00:00:03','2026-01-31 00:00:03','业务专员',0,0,NULL,NULL,0,0,NULL,NULL,0,NULL);
INSERT INTO "kb_item" VALUES(46,'mechanism','工作机制：人居环境改善实施路径条目6','围绕人居环境改善的实施路径整理要点与实施建议。','<p><strong>工作机制：人居环境改善实施路径条目6</strong></p><p>围绕人居环境改善的实施路径整理要点与实施建议。</p>','规划设计研究院','KB-MECHANISM-006','2025-12-17',445,'2026-01-31 00:00:03','2026-01-31 00:00:03','系统管理员',0,0,NULL,NULL,0,0,NULL,NULL,0,NULL);
INSERT INTO "kb_item" VALUES(47,'mechanism','工作机制：韧性城市指标体系条目7','围绕韧性城市的指标体系整理要点与实施建议。','<p><strong>工作机制：韧性城市指标体系条目7</strong></p><p>围绕韧性城市的指标体系整理要点与实施建议。</p>','住房和城乡建设局','KB-MECHANISM-007','2025-12-11',432,'2026-01-31 00:00:03','2026-01-31 00:00:03','业务专员',0,0,NULL,NULL,0,0,NULL,NULL,0,NULL);
INSERT INTO "kb_item" VALUES(48,'mechanism','工作机制：智慧城市数据治理条目8','围绕智慧城市的数据治理整理要点与实施建议。','<p><strong>工作机制：智慧城市数据治理条目8</strong></p><p>围绕智慧城市的数据治理整理要点与实施建议。</p>','自然资源和规划局','KB-MECHANISM-008','2025-12-05',419,'2026-01-31 00:00:03','2026-01-31 00:00:03','系统管理员',0,0,NULL,NULL,0,0,NULL,NULL,0,NULL);
INSERT INTO "kb_item" VALUES(49,'mechanism','工作机制：城市体检空间品质条目9','围绕城市体检的空间品质整理要点与实施建议。','<p><strong>工作机制：城市体检空间品质条目9</strong></p><p>围绕城市体检的空间品质整理要点与实施建议。</p>','城市更新中心','KB-MECHANISM-009','2025-11-29',406,'2026-01-31 00:00:03','2026-01-31 00:00:03','业务专员',0,0,NULL,NULL,0,0,NULL,NULL,0,NULL);
INSERT INTO "kb_item" VALUES(50,'mechanism','工作机制：城市更新公共服务条目10','围绕城市更新的公共服务整理要点与实施建议。','<p><strong>工作机制：城市更新公共服务条目10</strong></p><p>围绕城市更新的公共服务整理要点与实施建议。</p>','市政工程管理处','KB-MECHANISM-010','2025-11-23',393,'2026-01-31 00:00:03','2026-01-31 00:00:03','系统管理员',0,0,NULL,NULL,0,0,NULL,NULL,0,NULL);
INSERT INTO "kb_item" VALUES(51,'mechanism','工作机制：城市设计老旧小区条目11','围绕城市设计的老旧小区整理要点与实施建议。','<p><strong>工作机制：城市设计老旧小区条目11</strong></p><p>围绕城市设计的老旧小区整理要点与实施建议。</p>','人居环境改善专班','KB-MECHANISM-011','2025-11-17',380,'2026-01-31 00:00:03','2026-01-31 00:00:03','业务专员',0,0,NULL,NULL,0,0,NULL,NULL,0,NULL);
INSERT INTO "kb_item" VALUES(52,'mechanism','工作机制：人居环境改善历史街区条目12','围绕人居环境改善的历史街区整理要点与实施建议。','<p><strong>工作机制：人居环境改善历史街区条目12</strong></p><p>围绕人居环境改善的历史街区整理要点与实施建议。</p>','城市体检评估工作组','KB-MECHANISM-012','2025-11-11',367,'2026-01-31 00:00:03','2026-01-31 00:00:03','系统管理员',0,0,NULL,NULL,0,0,NULL,NULL,0,NULL);
INSERT INTO "kb_item" VALUES(53,'mechanism','工作机制：韧性城市市政设施条目13','围绕韧性城市的市政设施整理要点与实施建议。','<p><strong>工作机制：韧性城市市政设施条目13</strong></p><p>围绕韧性城市的市政设施整理要点与实施建议。</p>','城乡建设研究院','KB-MECHANISM-013','2025-11-05',354,'2026-01-31 00:00:03','2026-01-31 00:00:03','业务专员',0,0,NULL,NULL,0,0,NULL,NULL,0,NULL);
INSERT INTO "kb_item" VALUES(54,'mechanism','工作机制：智慧城市生态修复条目14','围绕智慧城市的生态修复整理要点与实施建议。','<p><strong>工作机制：智慧城市生态修复条目14</strong></p><p>围绕智慧城市的生态修复整理要点与实施建议。</p>','规划设计研究院','KB-MECHANISM-014','2025-10-30',341,'2026-01-31 00:00:03','2026-01-31 00:00:03','系统管理员',0,0,NULL,NULL,0,0,NULL,NULL,0,NULL);
INSERT INTO "kb_item" VALUES(55,'mechanism','工作机制：城市体检风险防控条目15','围绕城市体检的风险防控整理要点与实施建议。','<p><strong>工作机制：城市体检风险防控条目15</strong></p><p>围绕城市体检的风险防控整理要点与实施建议。</p>','住房和城乡建设局','KB-MECHANISM-015','2025-10-24',328,'2026-01-31 00:00:03','2026-01-31 00:00:03','业务专员',0,0,NULL,NULL,0,0,NULL,NULL,0,NULL);
INSERT INTO "kb_item" VALUES(56,'mechanism','工作机制：城市更新实施路径条目16','围绕城市更新的实施路径整理要点与实施建议。','<p><strong>工作机制：城市更新实施路径条目16</strong></p><p>围绕城市更新的实施路径整理要点与实施建议。</p>','自然资源和规划局','KB-MECHANISM-016','2025-10-18',315,'2026-01-31 00:00:03','2026-01-31 00:00:03','系统管理员',0,0,NULL,NULL,0,0,NULL,NULL,0,NULL);
INSERT INTO "kb_item" VALUES(57,'mechanism','工作机制：城市设计指标体系条目17','围绕城市设计的指标体系整理要点与实施建议。','<p><strong>工作机制：城市设计指标体系条目17</strong></p><p>围绕城市设计的指标体系整理要点与实施建议。</p>','城市更新中心','KB-MECHANISM-017','2025-10-12',302,'2026-01-31 00:00:03','2026-01-31 00:00:03','业务专员',0,0,NULL,NULL,0,0,NULL,NULL,0,NULL);
INSERT INTO "kb_item" VALUES(58,'mechanism','工作机制：人居环境改善数据治理条目18','围绕人居环境改善的数据治理整理要点与实施建议。','<p><strong>工作机制：人居环境改善数据治理条目18</strong></p><p>围绕人居环境改善的数据治理整理要点与实施建议。</p>','市政工程管理处','KB-MECHANISM-018','2025-10-06',289,'2026-01-31 00:00:03','2026-01-31 00:00:03','系统管理员',0,0,NULL,NULL,0,0,NULL,NULL,0,NULL);
INSERT INTO "kb_item" VALUES(59,'mechanism','工作机制：韧性城市空间品质条目19','围绕韧性城市的空间品质整理要点与实施建议。','<p><strong>工作机制：韧性城市空间品质条目19</strong></p><p>围绕韧性城市的空间品质整理要点与实施建议。</p>','人居环境改善专班','KB-MECHANISM-019','2025-09-30',276,'2026-01-31 00:00:03','2026-01-31 00:00:03','业务专员',0,0,NULL,NULL,0,0,NULL,NULL,0,NULL);
INSERT INTO "kb_item" VALUES(60,'mechanism','工作机制：智慧城市公共服务条目20','围绕智慧城市的公共服务整理要点与实施建议。','<p><strong>工作机制：智慧城市公共服务条目20</strong></p><p>围绕智慧城市的公共服务整理要点与实施建议。</p>','城市体检评估工作组','KB-MECHANISM-020','2025-09-24',263,'2026-01-31 00:00:03','2026-01-31 00:00:03','系统管理员',0,0,NULL,NULL,0,0,NULL,NULL,0,NULL);
INSERT INTO "kb_item" VALUES(61,'expert','专家智库：城市更新老旧小区条目1','围绕城市更新的老旧小区整理要点与实施建议。','<p><strong>专家智库：城市更新老旧小区条目1</strong></p><p>围绕城市更新的老旧小区整理要点与实施建议。</p>','规划设计研究院','KB-EXPERT-001','2026-01-19',489,'2026-01-31 00:00:03','2026-01-31 00:00:03','业务专员',0,0,'["/static/uploads/zhuanjia.png"]',NULL,0,0,NULL,NULL,0,NULL);
INSERT INTO "kb_item" VALUES(62,'expert','专家智库：城市设计历史街区条目2','围绕城市设计的历史街区整理要点与实施建议。','<p><strong>专家智库：城市设计历史街区条目2</strong></p><p>围绕城市设计的历史街区整理要点与实施建议。</p>','住房和城乡建设局','KB-EXPERT-002','2026-01-13',476,'2026-01-31 00:00:03','2026-01-31 00:00:03','系统管理员',0,0,'["/static/uploads/zhuanjia.png"]',NULL,0,0,NULL,NULL,0,NULL);
INSERT INTO "kb_item" VALUES(63,'expert','专家智库：人居环境改善市政设施条目3','围绕人居环境改善的市政设施整理要点与实施建议。','<p><strong>专家智库：人居环境改善市政设施条目3</strong></p><p>围绕人居环境改善的市政设施整理要点与实施建议。</p>','自然资源和规划局','KB-EXPERT-003','2026-01-07',463,'2026-01-31 00:00:03','2026-01-31 00:00:03','业务专员',0,0,'["/static/uploads/zhuanjia.png"]',NULL,0,0,NULL,NULL,0,NULL);
INSERT INTO "kb_item" VALUES(64,'expert','专家智库：韧性城市生态修复条目4','围绕韧性城市的生态修复整理要点与实施建议。','<p><strong>专家智库：韧性城市生态修复条目4</strong></p><p>围绕韧性城市的生态修复整理要点与实施建议。</p>','城市更新中心','KB-EXPERT-004','2026-01-01',450,'2026-01-31 00:00:03','2026-01-31 00:00:03','系统管理员',0,0,'["/static/uploads/zhuanjia.png"]',NULL,0,0,NULL,NULL,0,NULL);
INSERT INTO "kb_item" VALUES(65,'expert','专家智库：智慧城市风险防控条目5','围绕智慧城市的风险防控整理要点与实施建议。','<p><strong>专家智库：智慧城市风险防控条目5</strong></p><p>围绕智慧城市的风险防控整理要点与实施建议。</p>','市政工程管理处','KB-EXPERT-005','2025-12-26',437,'2026-01-31 00:00:03','2026-01-31 00:00:03','业务专员',0,0,'["/static/uploads/zhuanjia.png"]',NULL,0,0,NULL,NULL,0,NULL);
INSERT INTO "kb_item" VALUES(66,'expert','专家智库：城市体检实施路径条目6','围绕城市体检的实施路径整理要点与实施建议。','<p><strong>专家智库：城市体检实施路径条目6</strong></p><p>围绕城市体检的实施路径整理要点与实施建议。</p>','人居环境改善专班','KB-EXPERT-006','2025-12-20',424,'2026-01-31 00:00:03','2026-01-31 00:00:03','系统管理员',0,0,'["/static/uploads/zhuanjia.png"]',NULL,0,0,NULL,NULL,0,NULL);
INSERT INTO "kb_item" VALUES(67,'expert','专家智库：城市更新指标体系条目7','围绕城市更新的指标体系整理要点与实施建议。','<p><strong>专家智库：城市更新指标体系条目7</strong></p><p>围绕城市更新的指标体系整理要点与实施建议。</p>','城市体检评估工作组','KB-EXPERT-007','2025-12-14',411,'2026-01-31 00:00:03','2026-01-31 00:00:03','业务专员',0,0,'["/static/uploads/zhuanjia.png"]',NULL,0,0,NULL,NULL,0,NULL);
INSERT INTO "kb_item" VALUES(68,'expert','专家智库：城市设计数据治理条目8','围绕城市设计的数据治理整理要点与实施建议。','<p><strong>专家智库：城市设计数据治理条目8</strong></p><p>围绕城市设计的数据治理整理要点与实施建议。</p>','城乡建设研究院','KB-EXPERT-008','2025-12-08',398,'2026-01-31 00:00:03','2026-01-31 00:00:03','系统管理员',0,0,'["/static/uploads/zhuanjia.png"]',NULL,0,0,NULL,NULL,0,NULL);
INSERT INTO "kb_item" VALUES(69,'expert','专家智库：人居环境改善空间品质条目9','围绕人居环境改善的空间品质整理要点与实施建议。','<p><strong>专家智库：人居环境改善空间品质条目9</strong></p><p>围绕人居环境改善的空间品质整理要点与实施建议。</p>','规划设计研究院','KB-EXPERT-009','2025-12-02',385,'2026-01-31 00:00:03','2026-01-31 00:00:03','业务专员',0,0,'["/static/uploads/zhuanjia.png"]',NULL,0,0,NULL,NULL,0,NULL);
INSERT INTO "kb_item" VALUES(70,'expert','专家智库：韧性城市公共服务条目10','围绕韧性城市的公共服务整理要点与实施建议。','<p><strong>专家智库：韧性城市公共服务条目10</strong></p><p>围绕韧性城市的公共服务整理要点与实施建议。</p>','住房和城乡建设局','KB-EXPERT-010','2025-11-26',372,'2026-01-31 00:00:03','2026-01-31 00:00:03','系统管理员',0,0,'["/static/uploads/zhuanjia.png"]',NULL,0,0,NULL,NULL,0,NULL);
INSERT INTO "kb_item" VALUES(71,'expert','专家智库：智慧城市老旧小区条目11','围绕智慧城市的老旧小区整理要点与实施建议。','<p><strong>专家智库：智慧城市老旧小区条目11</strong></p><p>围绕智慧城市的老旧小区整理要点与实施建议。</p>','自然资源和规划局','KB-EXPERT-011','2025-11-20',359,'2026-01-31 00:00:03','2026-01-31 00:00:03','业务专员',0,0,'["/static/uploads/zhuanjia.png"]',NULL,0,0,NULL,NULL,0,NULL);
INSERT INTO "kb_item" VALUES(72,'expert','专家智库：城市体检历史街区条目12','围绕城市体检的历史街区整理要点与实施建议。','<p><strong>专家智库：城市体检历史街区条目12</strong></p><p>围绕城市体检的历史街区整理要点与实施建议。</p>','城市更新中心','KB-EXPERT-012','2025-11-14',346,'2026-01-31 00:00:03','2026-01-31 00:00:03','系统管理员',0,0,'["/static/uploads/zhuanjia.png"]',NULL,0,0,NULL,NULL,0,NULL);
INSERT INTO "kb_item" VALUES(73,'expert','专家智库：城市更新市政设施条目13','围绕城市更新的市政设施整理要点与实施建议。','<p><strong>专家智库：城市更新市政设施条目13</strong></p><p>围绕城市更新的市政设施整理要点与实施建议。</p>','市政工程管理处','KB-EXPERT-013','2025-11-08',333,'2026-01-31 00:00:03','2026-01-31 00:00:03','业务专员',0,0,'["/static/uploads/zhuanjia.png"]',NULL,0,0,NULL,NULL,0,NULL);
INSERT INTO "kb_item" VALUES(74,'expert','专家智库：城市设计生态修复条目14','围绕城市设计的生态修复整理要点与实施建议。','<p><strong>专家智库：城市设计生态修复条目14</strong></p><p>围绕城市设计的生态修复整理要点与实施建议。</p>','人居环境改善专班','KB-EXPERT-014','2025-11-02',320,'2026-01-31 00:00:03','2026-01-31 00:00:03','系统管理员',0,0,'["/static/uploads/zhuanjia.png"]',NULL,0,0,NULL,NULL,0,NULL);
INSERT INTO "kb_item" VALUES(75,'expert','专家智库：人居环境改善风险防控条目15','围绕人居环境改善的风险防控整理要点与实施建议。','<p><strong>专家智库：人居环境改善风险防控条目15</strong></p><p>围绕人居环境改善的风险防控整理要点与实施建议。</p>','城市体检评估工作组','KB-EXPERT-015','2025-10-27',307,'2026-01-31 00:00:03','2026-01-31 00:00:03','业务专员',0,0,'["/static/uploads/zhuanjia.png"]',NULL,0,0,NULL,NULL,0,NULL);
INSERT INTO "kb_item" VALUES(76,'expert','专家智库：韧性城市实施路径条目16','围绕韧性城市的实施路径整理要点与实施建议。','<p><strong>专家智库：韧性城市实施路径条目16</strong></p><p>围绕韧性城市的实施路径整理要点与实施建议。</p>','城乡建设研究院','KB-EXPERT-016','2025-10-21',294,'2026-01-31 00:00:03','2026-01-31 00:00:03','系统管理员',0,0,'["/static/uploads/zhuanjia.png"]',NULL,0,0,NULL,NULL,0,NULL);
INSERT INTO "kb_item" VALUES(77,'expert','专家智库：智慧城市指标体系条目17','围绕智慧城市的指标体系整理要点与实施建议。','<p><strong>专家智库：智慧城市指标体系条目17</strong></p><p>围绕智慧城市的指标体系整理要点与实施建议。</p>','规划设计研究院','KB-EXPERT-017','2025-10-15',281,'2026-01-31 00:00:03','2026-01-31 00:00:03','业务专员',0,0,'["/static/uploads/zhuanjia.png"]',NULL,0,0,NULL,NULL,0,NULL);
INSERT INTO "kb_item" VALUES(78,'expert','专家智库：城市体检数据治理条目18','围绕城市体检的数据治理整理要点与实施建议。','<p><strong>专家智库：城市体检数据治理条目18</strong></p><p>围绕城市体检的数据治理整理要点与实施建议。</p>','住房和城乡建设局','KB-EXPERT-018','2025-10-09',268,'2026-01-31 00:00:03','2026-01-31 00:00:03','系统管理员',0,0,'["/static/uploads/zhuanjia.png"]',NULL,0,0,NULL,NULL,0,NULL);
INSERT INTO "kb_item" VALUES(79,'expert','专家智库：城市更新空间品质条目19','围绕城市更新的空间品质整理要点与实施建议。','<p><strong>专家智库：城市更新空间品质条目19</strong></p><p>围绕城市更新的空间品质整理要点与实施建议。</p>','自然资源和规划局','KB-EXPERT-019','2025-10-03',255,'2026-01-31 00:00:03','2026-01-31 00:00:03','业务专员',0,0,'["/static/uploads/zhuanjia.png"]',NULL,0,0,NULL,NULL,0,NULL);
INSERT INTO "kb_item" VALUES(80,'expert','专家智库：城市设计公共服务条目20','围绕城市设计的公共服务整理要点与实施建议。','<p><strong>专家智库：城市设计公共服务条目20</strong></p><p>围绕城市设计的公共服务整理要点与实施建议。</p>','城市更新中心','KB-EXPERT-020','2025-09-27',242,'2026-01-31 00:00:03','2026-01-31 00:00:03','系统管理员',0,0,'["/static/uploads/zhuanjia.png"]',NULL,0,0,NULL,NULL,0,NULL);
INSERT INTO "kb_item" VALUES(81,'case','优秀案例：智慧城市老旧小区条目1','围绕智慧城市的老旧小区整理要点与实施建议。','<p><strong>优秀案例：智慧城市老旧小区条目1</strong></p><p>围绕智慧城市的老旧小区整理要点与实施建议。</p>','城市体检评估工作组','KB-CASE-001','2026-01-21',475,'2026-01-31 00:00:03','2026-01-31 00:00:03','业务专员',0,0,'["/static/uploads/youxiuanli.png"]',NULL,0,0,NULL,NULL,0,NULL);
INSERT INTO "kb_item" VALUES(82,'case','优秀案例：城市体检历史街区条目2','围绕城市体检的历史街区整理要点与实施建议。','<p><strong>优秀案例：城市体检历史街区条目2</strong></p><p>围绕城市体检的历史街区整理要点与实施建议。</p>','城乡建设研究院','KB-CASE-002','2026-01-15',462,'2026-01-31 00:00:03','2026-01-31 00:00:03','系统管理员',0,0,'["/static/uploads/youxiuanli.png"]',NULL,0,0,NULL,NULL,0,NULL);
INSERT INTO "kb_item" VALUES(83,'case','优秀案例：城市更新市政设施条目3','围绕城市更新的市政设施整理要点与实施建议。','<p><strong>优秀案例：城市更新市政设施条目3</strong></p><p>围绕城市更新的市政设施整理要点与实施建议。</p>','规划设计研究院','KB-CASE-003','2026-01-09',449,'2026-01-31 00:00:03','2026-01-31 00:00:03','业务专员',0,0,'["/static/uploads/youxiuanli.png"]',NULL,0,0,NULL,NULL,0,NULL);
INSERT INTO "kb_item" VALUES(84,'case','优秀案例：城市设计生态修复条目4','围绕城市设计的生态修复整理要点与实施建议。','<p><strong>优秀案例：城市设计生态修复条目4</strong></p><p>围绕城市设计的生态修复整理要点与实施建议。</p>','住房和城乡建设局','KB-CASE-004','2026-01-03',436,'2026-01-31 00:00:03','2026-01-31 00:00:03','系统管理员',0,0,'["/static/uploads/youxiuanli.png"]',NULL,0,0,NULL,NULL,0,NULL);
INSERT INTO "kb_item" VALUES(85,'case','优秀案例：人居环境改善风险防控条目5','围绕人居环境改善的风险防控整理要点与实施建议。','<p><strong>优秀案例：人居环境改善风险防控条目5</strong></p><p>围绕人居环境改善的风险防控整理要点与实施建议。</p>','自然资源和规划局','KB-CASE-005','2025-12-28',423,'2026-01-31 00:00:03','2026-01-31 00:00:03','业务专员',0,0,'["/static/uploads/youxiuanli.png"]',NULL,0,0,NULL,NULL,0,NULL);
INSERT INTO "kb_item" VALUES(86,'case','优秀案例：韧性城市实施路径条目6','围绕韧性城市的实施路径整理要点与实施建议。','<p><strong>优秀案例：韧性城市实施路径条目6</strong></p><p>围绕韧性城市的实施路径整理要点与实施建议。</p>','城市更新中心','KB-CASE-006','2025-12-22',410,'2026-01-31 00:00:03','2026-01-31 00:00:03','系统管理员',0,0,'["/static/uploads/youxiuanli.png"]',NULL,0,0,NULL,NULL,0,NULL);
INSERT INTO "kb_item" VALUES(87,'case','优秀案例：智慧城市指标体系条目7','围绕智慧城市的指标体系整理要点与实施建议。','<p><strong>优秀案例：智慧城市指标体系条目7</strong></p><p>围绕智慧城市的指标体系整理要点与实施建议。</p>','市政工程管理处','KB-CASE-007','2025-12-16',397,'2026-01-31 00:00:03','2026-01-31 00:00:03','业务专员',0,0,'["/static/uploads/youxiuanli.png"]',NULL,0,0,NULL,NULL,0,NULL);
INSERT INTO "kb_item" VALUES(88,'case','优秀案例：城市体检数据治理条目8','围绕城市体检的数据治理整理要点与实施建议。','<p><strong>优秀案例：城市体检数据治理条目8</strong></p><p>围绕城市体检的数据治理整理要点与实施建议。</p>','人居环境改善专班','KB-CASE-008','2025-12-10',384,'2026-01-31 00:00:03','2026-01-31 00:00:03','系统管理员',0,0,'["/static/uploads/youxiuanli.png"]',NULL,0,0,NULL,NULL,0,NULL);
INSERT INTO "kb_item" VALUES(89,'case','优秀案例：城市更新空间品质条目9','围绕城市更新的空间品质整理要点与实施建议。','<p><strong>优秀案例：城市更新空间品质条目9</strong></p><p>围绕城市更新的空间品质整理要点与实施建议。</p>','城市体检评估工作组','KB-CASE-009','2025-12-04',371,'2026-01-31 00:00:03','2026-01-31 00:00:03','业务专员',0,0,'["/static/uploads/youxiuanli.png"]',NULL,0,0,NULL,NULL,0,NULL);
INSERT INTO "kb_item" VALUES(90,'case','优秀案例：城市设计公共服务条目10','围绕城市设计的公共服务整理要点与实施建议。','<p><strong>优秀案例：城市设计公共服务条目10</strong></p><p>围绕城市设计的公共服务整理要点与实施建议。</p>','城乡建设研究院','KB-CASE-010','2025-11-28',358,'2026-01-31 00:00:03','2026-01-31 00:00:03','系统管理员',0,0,'["/static/uploads/youxiuanli.png"]',NULL,0,0,NULL,NULL,0,NULL);
INSERT INTO "kb_item" VALUES(91,'case','优秀案例：人居环境改善老旧小区条目11','围绕人居环境改善的老旧小区整理要点与实施建议。','<p><strong>优秀案例：人居环境改善老旧小区条目11</strong></p><p>围绕人居环境改善的老旧小区整理要点与实施建议。</p>','规划设计研究院','KB-CASE-011','2025-11-22',345,'2026-01-31 00:00:03','2026-01-31 00:00:03','业务专员',0,0,'["/static/uploads/youxiuanli.png"]',NULL,0,0,NULL,NULL,0,NULL);
INSERT INTO "kb_item" VALUES(92,'case','优秀案例：韧性城市历史街区条目12','围绕韧性城市的历史街区整理要点与实施建议。','<p><strong>优秀案例：韧性城市历史街区条目12</strong></p><p>围绕韧性城市的历史街区整理要点与实施建议。</p>','住房和城乡建设局','KB-CASE-012','2025-11-16',332,'2026-01-31 00:00:03','2026-01-31 00:00:03','系统管理员',0,0,'["/static/uploads/youxiuanli.png"]',NULL,0,0,NULL,NULL,0,NULL);
INSERT INTO "kb_item" VALUES(93,'case','优秀案例：智慧城市市政设施条目13','围绕智慧城市的市政设施整理要点与实施建议。','<p><strong>优秀案例：智慧城市市政设施条目13</strong></p><p>围绕智慧城市的市政设施整理要点与实施建议。</p>','自然资源和规划局','KB-CASE-013','2025-11-10',319,'2026-01-31 00:00:03','2026-01-31 00:00:03','业务专员',0,0,'["/static/uploads/youxiuanli.png"]',NULL,0,0,NULL,NULL,0,NULL);
INSERT INTO "kb_item" VALUES(94,'case','优秀案例：城市体检生态修复条目14','围绕城市体检的生态修复整理要点与实施建议。','<p><strong>优秀案例：城市体检生态修复条目14</strong></p><p>围绕城市体检的生态修复整理要点与实施建议。</p>','城市更新中心','KB-CASE-014','2025-11-04',306,'2026-01-31 00:00:03','2026-01-31 00:00:03','系统管理员',0,0,'["/static/uploads/youxiuanli.png"]',NULL,0,0,NULL,NULL,0,NULL);
INSERT INTO "kb_item" VALUES(95,'case','优秀案例：城市更新风险防控条目15','围绕城市更新的风险防控整理要点与实施建议。','<p><strong>优秀案例：城市更新风险防控条目15</strong></p><p>围绕城市更新的风险防控整理要点与实施建议。</p>','市政工程管理处','KB-CASE-015','2025-10-29',293,'2026-01-31 00:00:03','2026-01-31 00:00:03','业务专员',0,0,'["/static/uploads/youxiuanli.png"]',NULL,0,0,NULL,NULL,0,NULL);
INSERT INTO "kb_item" VALUES(96,'case','优秀案例：城市设计实施路径条目16','围绕城市设计的实施路径整理要点与实施建议。','<p><strong>优秀案例：城市设计实施路径条目16</strong></p><p>围绕城市设计的实施路径整理要点与实施建议。</p>','人居环境改善专班','KB-CASE-016','2025-10-23',280,'2026-01-31 00:00:03','2026-01-31 00:00:03','系统管理员',0,0,'["/static/uploads/youxiuanli.png"]',NULL,0,0,NULL,NULL,0,NULL);
INSERT INTO "kb_item" VALUES(97,'case','优秀案例：人居环境改善指标体系条目17','围绕人居环境改善的指标体系整理要点与实施建议。','<p><strong>优秀案例：人居环境改善指标体系条目17</strong></p><p>围绕人居环境改善的指标体系整理要点与实施建议。</p>','城市体检评估工作组','KB-CASE-017','2025-10-17',267,'2026-01-31 00:00:03','2026-01-31 00:00:03','业务专员',0,0,'["/static/uploads/youxiuanli.png"]',NULL,0,0,NULL,NULL,0,NULL);
INSERT INTO "kb_item" VALUES(98,'case','优秀案例：韧性城市数据治理条目18','围绕韧性城市的数据治理整理要点与实施建议。','<p><strong>优秀案例：韧性城市数据治理条目18</strong></p><p>围绕韧性城市的数据治理整理要点与实施建议。</p>','城乡建设研究院','KB-CASE-018','2025-10-11',254,'2026-01-31 00:00:03','2026-01-31 00:00:03','系统管理员',0,0,'["/static/uploads/youxiuanli.png"]',NULL,0,0,NULL,NULL,0,NULL);
INSERT INTO "kb_item" VALUES(99,'case','优秀案例：智慧城市空间品质条目19','围绕智慧城市的空间品质整理要点与实施建议。','<p><strong>优秀案例：智慧城市空间品质条目19</strong></p><p>围绕智慧城市的空间品质整理要点与实施建议。</p>','规划设计研究院','KB-CASE-019','2025-10-05',241,'2026-01-31 00:00:03','2026-01-31 00:00:03','业务专员',0,0,'["/static/uploads/youxiuanli.png"]',NULL,0,0,NULL,NULL,0,NULL);
INSERT INTO "kb_item" VALUES(100,'case','优秀案例：城市体检公共服务条目20','围绕城市体检的公共服务整理要点与实施建议。','<p><strong>优秀案例：城市体检公共服务条目20</strong></p><p>围绕城市体检的公共服务整理要点与实施建议。</p>','住房和城乡建设局','KB-CASE-020','2025-09-29',228,'2026-01-31 00:00:03','2026-01-31 00:00:03','系统管理员',0,0,'["/static/uploads/youxiuanli.png"]',NULL,0,0,NULL,NULL,0,NULL);
INSERT INTO "kb_item" VALUES(101,'course','培训课程：城市更新老旧小区条目1','围绕城市更新的老旧小区整理要点与实施建议。','<p><strong>培训课程：城市更新老旧小区条目1</strong></p><p>围绕城市更新的老旧小区整理要点与实施建议。</p>','规划设计研究院','KB-COURSE-001','2026-01-19',489,'2026-01-31 00:00:03','2026-01-31 00:00:03','业务专员',0,0,NULL,NULL,0,0,NULL,NULL,0,NULL);
INSERT INTO "kb_item" VALUES(102,'course','培训课程：城市设计历史街区条目2','围绕城市设计的历史街区整理要点与实施建议。','<p><strong>培训课程：城市设计历史街区条目2</strong></p><p>围绕城市设计的历史街区整理要点与实施建议。</p>','住房和城乡建设局','KB-COURSE-002','2026-01-13',476,'2026-01-31 00:00:03','2026-01-31 00:00:03','系统管理员',0,0,NULL,NULL,0,0,NULL,NULL,0,NULL);
INSERT INTO "kb_item" VALUES(103,'course','培训课程：人居环境改善市政设施条目3','围绕人居环境改善的市政设施整理要点与实施建议。','<p><strong>培训课程：人居环境改善市政设施条目3</strong></p><p>围绕人居环境改善的市政设施整理要点与实施建议。</p>','自然资源和规划局','KB-COURSE-003','2026-01-07',463,'2026-01-31 00:00:03','2026-01-31 00:00:03','业务专员',0,0,NULL,NULL,0,0,NULL,NULL,0,NULL);
INSERT INTO "kb_item" VALUES(104,'course','培训课程：韧性城市生态修复条目4','围绕韧性城市的生态修复整理要点与实施建议。','<p><strong>培训课程：韧性城市生态修复条目4</strong></p><p>围绕韧性城市的生态修复整理要点与实施建议。</p>','城市更新中心','KB-COURSE-004','2026-01-01',450,'2026-01-31 00:00:03','2026-01-31 00:00:03','系统管理员',0,0,NULL,NULL,0,0,NULL,NULL,0,NULL);
INSERT INTO "kb_item" VALUES(105,'course','培训课程：智慧城市风险防控条目5','围绕智慧城市的风险防控整理要点与实施建议。','<p><strong>培训课程：智慧城市风险防控条目5</strong></p><p>围绕智慧城市的风险防控整理要点与实施建议。</p>','市政工程管理处','KB-COURSE-005','2025-12-26',437,'2026-01-31 00:00:03','2026-01-31 00:00:03','业务专员',0,0,NULL,NULL,0,0,NULL,NULL,0,NULL);
INSERT INTO "kb_item" VALUES(106,'course','培训课程：城市体检实施路径条目6','围绕城市体检的实施路径整理要点与实施建议。','<p><strong>培训课程：城市体检实施路径条目6</strong></p><p>围绕城市体检的实施路径整理要点与实施建议。</p>','人居环境改善专班','KB-COURSE-006','2025-12-20',424,'2026-01-31 00:00:03','2026-01-31 00:00:03','系统管理员',0,0,NULL,NULL,0,0,NULL,NULL,0,NULL);
INSERT INTO "kb_item" VALUES(107,'course','培训课程：城市更新指标体系条目7','围绕城市更新的指标体系整理要点与实施建议。','<p><strong>培训课程：城市更新指标体系条目7</strong></p><p>围绕城市更新的指标体系整理要点与实施建议。</p>','城市体检评估工作组','KB-COURSE-007','2025-12-14',411,'2026-01-31 00:00:03','2026-01-31 00:00:03','业务专员',0,0,NULL,NULL,0,0,NULL,NULL,0,NULL);
INSERT INTO "kb_item" VALUES(108,'course','培训课程：城市设计数据治理条目8','围绕城市设计的数据治理整理要点与实施建议。','<p><strong>培训课程：城市设计数据治理条目8</strong></p><p>围绕城市设计的数据治理整理要点与实施建议。</p>','城乡建设研究院','KB-COURSE-008','2025-12-08',398,'2026-01-31 00:00:03','2026-01-31 00:00:03','系统管理员',0,0,NULL,NULL,0,0,NULL,NULL,0,NULL);
INSERT INTO "kb_item" VALUES(109,'course','培训课程：人居环境改善空间品质条目9','围绕人居环境改善的空间品质整理要点与实施建议。','<p><strong>培训课程：人居环境改善空间品质条目9</strong></p><p>围绕人居环境改善的空间品质整理要点与实施建议。</p>','规划设计研究院','KB-COURSE-009','2025-12-02',385,'2026-01-31 00:00:03','2026-01-31 00:00:03','业务专员',0,0,NULL,NULL,0,0,NULL,NULL,0,NULL);
INSERT INTO "kb_item" VALUES(110,'course','培训课程：韧性城市公共服务条目10','围绕韧性城市的公共服务整理要点与实施建议。','<p><strong>培训课程：韧性城市公共服务条目10</strong></p><p>围绕韧性城市的公共服务整理要点与实施建议。</p>','住房和城乡建设局','KB-COURSE-010','2025-11-26',372,'2026-01-31 00:00:03','2026-01-31 00:00:03','系统管理员',0,0,NULL,NULL,0,0,NULL,NULL,0,NULL);
INSERT INTO "kb_item" VALUES(111,'course','培训课程：智慧城市老旧小区条目11','围绕智慧城市的老旧小区整理要点与实施建议。','<p><strong>培训课程：智慧城市老旧小区条目11</strong></p><p>围绕智慧城市的老旧小区整理要点与实施建议。</p>','自然资源和规划局','KB-COURSE-011','2025-11-20',359,'2026-01-31 00:00:03','2026-01-31 00:00:03','业务专员',0,0,NULL,NULL,0,0,NULL,NULL,0,NULL);
INSERT INTO "kb_item" VALUES(112,'course','培训课程：城市体检历史街区条目12','围绕城市体检的历史街区整理要点与实施建议。','<p><strong>培训课程：城市体检历史街区条目12</strong></p><p>围绕城市体检的历史街区整理要点与实施建议。</p>','城市更新中心','KB-COURSE-012','2025-11-14',346,'2026-01-31 00:00:03','2026-01-31 00:00:03','系统管理员',0,0,NULL,NULL,0,0,NULL,NULL,0,NULL);
INSERT INTO "kb_item" VALUES(113,'course','培训课程：城市更新市政设施条目13','围绕城市更新的市政设施整理要点与实施建议。','<p><strong>培训课程：城市更新市政设施条目13</strong></p><p>围绕城市更新的市政设施整理要点与实施建议。</p>','市政工程管理处','KB-COURSE-013','2025-11-08',333,'2026-01-31 00:00:03','2026-01-31 00:00:03','业务专员',0,0,NULL,NULL,0,0,NULL,NULL,0,NULL);
INSERT INTO "kb_item" VALUES(114,'course','培训课程：城市设计生态修复条目14','围绕城市设计的生态修复整理要点与实施建议。','<p><strong>培训课程：城市设计生态修复条目14</strong></p><p>围绕城市设计的生态修复整理要点与实施建议。</p>','人居环境改善专班','KB-COURSE-014','2025-11-02',320,'2026-01-31 00:00:03','2026-01-31 00:00:03','系统管理员',0,0,NULL,NULL,0,0,NULL,NULL,0,NULL);
INSERT INTO "kb_item" VALUES(115,'course','培训课程：人居环境改善风险防控条目15','围绕人居环境改善的风险防控整理要点与实施建议。','<p><strong>培训课程：人居环境改善风险防控条目15</strong></p><p>围绕人居环境改善的风险防控整理要点与实施建议。</p>','城市体检评估工作组','KB-COURSE-015','2025-10-27',307,'2026-01-31 00:00:03','2026-01-31 00:00:03','业务专员',0,0,NULL,NULL,0,0,NULL,NULL,0,NULL);
INSERT INTO "kb_item" VALUES(116,'course','培训课程：韧性城市实施路径条目16','围绕韧性城市的实施路径整理要点与实施建议。','<p><strong>培训课程：韧性城市实施路径条目16</strong></p><p>围绕韧性城市的实施路径整理要点与实施建议。</p>','城乡建设研究院','KB-COURSE-016','2025-10-21',294,'2026-01-31 00:00:03','2026-01-31 00:00:03','系统管理员',0,0,NULL,NULL,0,0,NULL,NULL,0,NULL);
INSERT INTO "kb_item" VALUES(117,'course','培训课程：智慧城市指标体系条目17','围绕智慧城市的指标体系整理要点与实施建议。','<p><strong>培训课程：智慧城市指标体系条目17</strong></p><p>围绕智慧城市的指标体系整理要点与实施建议。</p>','规划设计研究院','KB-COURSE-017','2025-10-15',281,'2026-01-31 00:00:03','2026-01-31 00:00:03','业务专员',0,0,NULL,NULL,0,0,NULL,NULL,0,NULL);
INSERT INTO "kb_item" VALUES(118,'course','培训课程：城市体检数据治理条目18','围绕城市体检的数据治理整理要点与实施建议。','<p><strong>培训课程：城市体检数据治理条目18</strong></p><p>围绕城市体检的数据治理整理要点与实施建议。</p>','住房和城乡建设局','KB-COURSE-018','2025-10-09',268,'2026-01-31 00:00:03','2026-01-31 00:00:03','系统管理员',0,0,NULL,NULL,0,0,NULL,NULL,0,NULL);
INSERT INTO "kb_item" VALUES(119,'course','培训课程：城市更新空间品质条目19','围绕城市更新的空间品质整理要点与实施建议。','<p><strong>培训课程：城市更新空间品质条目19</strong></p><p>围绕城市更新的空间品质整理要点与实施建议。</p>','自然资源和规划局','KB-COURSE-019','2025-10-03',255,'2026-01-31 00:00:03','2026-01-31 00:00:03','业务专员',0,0,NULL,NULL,0,0,NULL,NULL,0,NULL);
INSERT INTO "kb_item" VALUES(120,'course','培训课程：城市设计公共服务条目20','围绕城市设计的公共服务整理要点与实施建议。','<p><strong>培训课程：城市设计公共服务条目20</strong></p><p>围绕城市设计的公共服务整理要点与实施建议。</p>','城市更新中心','KB-COURSE-020','2025-09-27',242,'2026-01-31 00:00:03','2026-01-31 00:00:03','系统管理员',0,0,NULL,NULL,0,0,NULL,NULL,0,NULL);
INSERT INTO "kb_item" VALUES(121,'policy','试试','','<p>1</p>','','','2026-02-02',3,'2026-02-02 04:08:34','2026-02-04 01:41:22','JUU3JUFFJUExJUU3JTkwJTg2JUU1JTkxJTk4',3,0,'[]','2',0,0,'','',0,'');
INSERT INTO "kb_item" VALUES(122,'case','北京市优秀案例','好','<h1>好好好</h1><p>大写的好，非常好。</p>','','','2026-02-02',4,'2026-02-02 04:09:25','2026-02-02 23:17:04','JUU3JUFFJUExJUU3JTkwJTg2JUU1JTkxJTk4',1,0,'["/static/uploads/124c8032a0c947acac3565414d59e3da.jpg"]','2',0,0,'优秀','好',0,'北京');
INSERT INTO "kb_item" VALUES(123,'case','京都市优秀案例','好','<h1> 好好好好好</h1><p><br></p><p>非常好</p>','','','2026-02-02',2,'2026-02-02 04:11:39','2026-02-02 23:15:54','JUU3JUFFJUExJUU3JTkwJTg2JUU1JTkxJTk4',1,0,'["/static/uploads/ee2e34511b9d4302a0e8a31551f543f8.jpg"]','2',0,0,'','1',0,'1');
CREATE TABLE kb_item_category (
                  item_id INTEGER NOT NULL,
                  category_id INTEGER NOT NULL,
                  created_at TEXT NOT NULL DEFAULT (datetime('now')),
                  PRIMARY KEY (item_id, category_id),
                  FOREIGN KEY (item_id) REFERENCES kb_item(id) ON DELETE CASCADE,
                  FOREIGN KEY (category_id) REFERENCES kb_category(id) ON DELETE CASCADE
                );
INSERT INTO "kb_item_category" VALUES(1,1,'2026-01-31 00:00:03');
INSERT INTO "kb_item_category" VALUES(1,2,'2026-01-31 00:00:03');
INSERT INTO "kb_item_category" VALUES(2,2,'2026-01-31 00:00:03');
INSERT INTO "kb_item_category" VALUES(2,3,'2026-01-31 00:00:03');
INSERT INTO "kb_item_category" VALUES(3,3,'2026-01-31 00:00:03');
INSERT INTO "kb_item_category" VALUES(3,4,'2026-01-31 00:00:03');
INSERT INTO "kb_item_category" VALUES(3,1,'2026-01-31 00:00:03');
INSERT INTO "kb_item_category" VALUES(4,4,'2026-01-31 00:00:03');
INSERT INTO "kb_item_category" VALUES(4,1,'2026-01-31 00:00:03');
INSERT INTO "kb_item_category" VALUES(5,1,'2026-01-31 00:00:03');
INSERT INTO "kb_item_category" VALUES(5,2,'2026-01-31 00:00:03');
INSERT INTO "kb_item_category" VALUES(6,2,'2026-01-31 00:00:03');
INSERT INTO "kb_item_category" VALUES(6,3,'2026-01-31 00:00:03');
INSERT INTO "kb_item_category" VALUES(6,4,'2026-01-31 00:00:03');
INSERT INTO "kb_item_category" VALUES(7,3,'2026-01-31 00:00:03');
INSERT INTO "kb_item_category" VALUES(7,4,'2026-01-31 00:00:03');
INSERT INTO "kb_item_category" VALUES(8,4,'2026-01-31 00:00:03');
INSERT INTO "kb_item_category" VALUES(8,1,'2026-01-31 00:00:03');
INSERT INTO "kb_item_category" VALUES(9,1,'2026-01-31 00:00:03');
INSERT INTO "kb_item_category" VALUES(9,2,'2026-01-31 00:00:03');
INSERT INTO "kb_item_category" VALUES(9,3,'2026-01-31 00:00:03');
INSERT INTO "kb_item_category" VALUES(10,2,'2026-01-31 00:00:03');
INSERT INTO "kb_item_category" VALUES(10,3,'2026-01-31 00:00:03');
INSERT INTO "kb_item_category" VALUES(11,3,'2026-01-31 00:00:03');
INSERT INTO "kb_item_category" VALUES(11,4,'2026-01-31 00:00:03');
INSERT INTO "kb_item_category" VALUES(12,4,'2026-01-31 00:00:03');
INSERT INTO "kb_item_category" VALUES(12,1,'2026-01-31 00:00:03');
INSERT INTO "kb_item_category" VALUES(12,2,'2026-01-31 00:00:03');
INSERT INTO "kb_item_category" VALUES(13,1,'2026-01-31 00:00:03');
INSERT INTO "kb_item_category" VALUES(13,2,'2026-01-31 00:00:03');
INSERT INTO "kb_item_category" VALUES(14,2,'2026-01-31 00:00:03');
INSERT INTO "kb_item_category" VALUES(14,3,'2026-01-31 00:00:03');
INSERT INTO "kb_item_category" VALUES(15,3,'2026-01-31 00:00:03');
INSERT INTO "kb_item_category" VALUES(15,4,'2026-01-31 00:00:03');
INSERT INTO "kb_item_category" VALUES(15,1,'2026-01-31 00:00:03');
INSERT INTO "kb_item_category" VALUES(16,4,'2026-01-31 00:00:03');
INSERT INTO "kb_item_category" VALUES(16,1,'2026-01-31 00:00:03');
INSERT INTO "kb_item_category" VALUES(17,1,'2026-01-31 00:00:03');
INSERT INTO "kb_item_category" VALUES(17,2,'2026-01-31 00:00:03');
INSERT INTO "kb_item_category" VALUES(18,2,'2026-01-31 00:00:03');
INSERT INTO "kb_item_category" VALUES(18,3,'2026-01-31 00:00:03');
INSERT INTO "kb_item_category" VALUES(18,4,'2026-01-31 00:00:03');
INSERT INTO "kb_item_category" VALUES(19,3,'2026-01-31 00:00:03');
INSERT INTO "kb_item_category" VALUES(19,4,'2026-01-31 00:00:03');
INSERT INTO "kb_item_category" VALUES(20,4,'2026-01-31 00:00:03');
INSERT INTO "kb_item_category" VALUES(20,1,'2026-01-31 00:00:03');
INSERT INTO "kb_item_category" VALUES(21,5,'2026-01-31 00:00:03');
INSERT INTO "kb_item_category" VALUES(21,6,'2026-01-31 00:00:03');
INSERT INTO "kb_item_category" VALUES(21,7,'2026-01-31 00:00:03');
INSERT INTO "kb_item_category" VALUES(22,6,'2026-01-31 00:00:03');
INSERT INTO "kb_item_category" VALUES(22,7,'2026-01-31 00:00:03');
INSERT INTO "kb_item_category" VALUES(23,7,'2026-01-31 00:00:03');
INSERT INTO "kb_item_category" VALUES(23,8,'2026-01-31 00:00:03');
INSERT INTO "kb_item_category" VALUES(24,8,'2026-01-31 00:00:03');
INSERT INTO "kb_item_category" VALUES(24,5,'2026-01-31 00:00:03');
INSERT INTO "kb_item_category" VALUES(24,6,'2026-01-31 00:00:03');
INSERT INTO "kb_item_category" VALUES(25,5,'2026-01-31 00:00:03');
INSERT INTO "kb_item_category" VALUES(25,6,'2026-01-31 00:00:03');
INSERT INTO "kb_item_category" VALUES(26,6,'2026-01-31 00:00:03');
INSERT INTO "kb_item_category" VALUES(26,7,'2026-01-31 00:00:03');
INSERT INTO "kb_item_category" VALUES(27,7,'2026-01-31 00:00:03');
INSERT INTO "kb_item_category" VALUES(27,8,'2026-01-31 00:00:03');
INSERT INTO "kb_item_category" VALUES(27,5,'2026-01-31 00:00:03');
INSERT INTO "kb_item_category" VALUES(28,8,'2026-01-31 00:00:03');
INSERT INTO "kb_item_category" VALUES(28,5,'2026-01-31 00:00:03');
INSERT INTO "kb_item_category" VALUES(29,5,'2026-01-31 00:00:03');
INSERT INTO "kb_item_category" VALUES(29,6,'2026-01-31 00:00:03');
INSERT INTO "kb_item_category" VALUES(30,6,'2026-01-31 00:00:03');
INSERT INTO "kb_item_category" VALUES(30,7,'2026-01-31 00:00:03');
INSERT INTO "kb_item_category" VALUES(30,8,'2026-01-31 00:00:03');
INSERT INTO "kb_item_category" VALUES(31,7,'2026-01-31 00:00:03');
INSERT INTO "kb_item_category" VALUES(31,8,'2026-01-31 00:00:03');
INSERT INTO "kb_item_category" VALUES(32,8,'2026-01-31 00:00:03');
INSERT INTO "kb_item_category" VALUES(32,5,'2026-01-31 00:00:03');
INSERT INTO "kb_item_category" VALUES(33,5,'2026-01-31 00:00:03');
INSERT INTO "kb_item_category" VALUES(33,6,'2026-01-31 00:00:03');
INSERT INTO "kb_item_category" VALUES(33,7,'2026-01-31 00:00:03');
INSERT INTO "kb_item_category" VALUES(34,6,'2026-01-31 00:00:03');
INSERT INTO "kb_item_category" VALUES(34,7,'2026-01-31 00:00:03');
INSERT INTO "kb_item_category" VALUES(35,7,'2026-01-31 00:00:03');
INSERT INTO "kb_item_category" VALUES(35,8,'2026-01-31 00:00:03');
INSERT INTO "kb_item_category" VALUES(36,8,'2026-01-31 00:00:03');
INSERT INTO "kb_item_category" VALUES(36,5,'2026-01-31 00:00:03');
INSERT INTO "kb_item_category" VALUES(36,6,'2026-01-31 00:00:03');
INSERT INTO "kb_item_category" VALUES(37,5,'2026-01-31 00:00:03');
INSERT INTO "kb_item_category" VALUES(37,6,'2026-01-31 00:00:03');
INSERT INTO "kb_item_category" VALUES(38,6,'2026-01-31 00:00:03');
INSERT INTO "kb_item_category" VALUES(38,7,'2026-01-31 00:00:03');
INSERT INTO "kb_item_category" VALUES(39,7,'2026-01-31 00:00:03');
INSERT INTO "kb_item_category" VALUES(39,8,'2026-01-31 00:00:03');
INSERT INTO "kb_item_category" VALUES(39,5,'2026-01-31 00:00:03');
INSERT INTO "kb_item_category" VALUES(40,8,'2026-01-31 00:00:03');
INSERT INTO "kb_item_category" VALUES(40,5,'2026-01-31 00:00:03');
INSERT INTO "kb_item_category" VALUES(41,10,'2026-01-31 00:00:03');
INSERT INTO "kb_item_category" VALUES(41,11,'2026-01-31 00:00:03');
INSERT INTO "kb_item_category" VALUES(42,11,'2026-01-31 00:00:03');
INSERT INTO "kb_item_category" VALUES(42,9,'2026-01-31 00:00:03');
INSERT INTO "kb_item_category" VALUES(42,10,'2026-01-31 00:00:03');
INSERT INTO "kb_item_category" VALUES(43,9,'2026-01-31 00:00:03');
INSERT INTO "kb_item_category" VALUES(43,10,'2026-01-31 00:00:03');
INSERT INTO "kb_item_category" VALUES(44,10,'2026-01-31 00:00:03');
INSERT INTO "kb_item_category" VALUES(44,11,'2026-01-31 00:00:03');
INSERT INTO "kb_item_category" VALUES(45,11,'2026-01-31 00:00:03');
INSERT INTO "kb_item_category" VALUES(45,9,'2026-01-31 00:00:03');
INSERT INTO "kb_item_category" VALUES(45,10,'2026-01-31 00:00:03');
INSERT INTO "kb_item_category" VALUES(46,9,'2026-01-31 00:00:03');
INSERT INTO "kb_item_category" VALUES(46,10,'2026-01-31 00:00:03');
INSERT INTO "kb_item_category" VALUES(47,10,'2026-01-31 00:00:03');
INSERT INTO "kb_item_category" VALUES(47,11,'2026-01-31 00:00:03');
INSERT INTO "kb_item_category" VALUES(48,11,'2026-01-31 00:00:03');
INSERT INTO "kb_item_category" VALUES(48,9,'2026-01-31 00:00:03');
INSERT INTO "kb_item_category" VALUES(48,10,'2026-01-31 00:00:03');
INSERT INTO "kb_item_category" VALUES(49,9,'2026-01-31 00:00:03');
INSERT INTO "kb_item_category" VALUES(49,10,'2026-01-31 00:00:03');
INSERT INTO "kb_item_category" VALUES(50,10,'2026-01-31 00:00:03');
INSERT INTO "kb_item_category" VALUES(50,11,'2026-01-31 00:00:03');
INSERT INTO "kb_item_category" VALUES(51,11,'2026-01-31 00:00:03');
INSERT INTO "kb_item_category" VALUES(51,9,'2026-01-31 00:00:03');
INSERT INTO "kb_item_category" VALUES(51,10,'2026-01-31 00:00:03');
INSERT INTO "kb_item_category" VALUES(52,9,'2026-01-31 00:00:03');
INSERT INTO "kb_item_category" VALUES(52,10,'2026-01-31 00:00:03');
INSERT INTO "kb_item_category" VALUES(53,10,'2026-01-31 00:00:03');
INSERT INTO "kb_item_category" VALUES(53,11,'2026-01-31 00:00:03');
INSERT INTO "kb_item_category" VALUES(54,11,'2026-01-31 00:00:03');
INSERT INTO "kb_item_category" VALUES(54,9,'2026-01-31 00:00:03');
INSERT INTO "kb_item_category" VALUES(54,10,'2026-01-31 00:00:03');
INSERT INTO "kb_item_category" VALUES(55,9,'2026-01-31 00:00:03');
INSERT INTO "kb_item_category" VALUES(55,10,'2026-01-31 00:00:03');
INSERT INTO "kb_item_category" VALUES(56,10,'2026-01-31 00:00:03');
INSERT INTO "kb_item_category" VALUES(56,11,'2026-01-31 00:00:03');
INSERT INTO "kb_item_category" VALUES(57,11,'2026-01-31 00:00:03');
INSERT INTO "kb_item_category" VALUES(57,9,'2026-01-31 00:00:03');
INSERT INTO "kb_item_category" VALUES(57,10,'2026-01-31 00:00:03');
INSERT INTO "kb_item_category" VALUES(58,9,'2026-01-31 00:00:03');
INSERT INTO "kb_item_category" VALUES(58,10,'2026-01-31 00:00:03');
INSERT INTO "kb_item_category" VALUES(59,10,'2026-01-31 00:00:03');
INSERT INTO "kb_item_category" VALUES(59,11,'2026-01-31 00:00:03');
INSERT INTO "kb_item_category" VALUES(60,11,'2026-01-31 00:00:03');
INSERT INTO "kb_item_category" VALUES(60,9,'2026-01-31 00:00:03');
INSERT INTO "kb_item_category" VALUES(60,10,'2026-01-31 00:00:03');
INSERT INTO "kb_item_category" VALUES(61,12,'2026-01-31 00:00:03');
INSERT INTO "kb_item_category" VALUES(61,13,'2026-01-31 00:00:03');
INSERT INTO "kb_item_category" VALUES(62,13,'2026-01-31 00:00:03');
INSERT INTO "kb_item_category" VALUES(62,14,'2026-01-31 00:00:03');
INSERT INTO "kb_item_category" VALUES(63,14,'2026-01-31 00:00:03');
INSERT INTO "kb_item_category" VALUES(63,15,'2026-01-31 00:00:03');
INSERT INTO "kb_item_category" VALUES(63,12,'2026-01-31 00:00:03');
INSERT INTO "kb_item_category" VALUES(64,15,'2026-01-31 00:00:03');
INSERT INTO "kb_item_category" VALUES(64,12,'2026-01-31 00:00:03');
INSERT INTO "kb_item_category" VALUES(65,12,'2026-01-31 00:00:03');
INSERT INTO "kb_item_category" VALUES(65,13,'2026-01-31 00:00:03');
INSERT INTO "kb_item_category" VALUES(66,13,'2026-01-31 00:00:03');
INSERT INTO "kb_item_category" VALUES(66,14,'2026-01-31 00:00:03');
INSERT INTO "kb_item_category" VALUES(66,15,'2026-01-31 00:00:03');
INSERT INTO "kb_item_category" VALUES(67,14,'2026-01-31 00:00:03');
INSERT INTO "kb_item_category" VALUES(67,15,'2026-01-31 00:00:03');
INSERT INTO "kb_item_category" VALUES(68,15,'2026-01-31 00:00:03');
INSERT INTO "kb_item_category" VALUES(68,12,'2026-01-31 00:00:03');
INSERT INTO "kb_item_category" VALUES(69,12,'2026-01-31 00:00:03');
INSERT INTO "kb_item_category" VALUES(69,13,'2026-01-31 00:00:03');
INSERT INTO "kb_item_category" VALUES(69,14,'2026-01-31 00:00:03');
INSERT INTO "kb_item_category" VALUES(70,13,'2026-01-31 00:00:03');
INSERT INTO "kb_item_category" VALUES(70,14,'2026-01-31 00:00:03');
INSERT INTO "kb_item_category" VALUES(71,14,'2026-01-31 00:00:03');
INSERT INTO "kb_item_category" VALUES(71,15,'2026-01-31 00:00:03');
INSERT INTO "kb_item_category" VALUES(72,15,'2026-01-31 00:00:03');
INSERT INTO "kb_item_category" VALUES(72,12,'2026-01-31 00:00:03');
INSERT INTO "kb_item_category" VALUES(72,13,'2026-01-31 00:00:03');
INSERT INTO "kb_item_category" VALUES(73,12,'2026-01-31 00:00:03');
INSERT INTO "kb_item_category" VALUES(73,13,'2026-01-31 00:00:03');
INSERT INTO "kb_item_category" VALUES(74,13,'2026-01-31 00:00:03');
INSERT INTO "kb_item_category" VALUES(74,14,'2026-01-31 00:00:03');
INSERT INTO "kb_item_category" VALUES(75,14,'2026-01-31 00:00:03');
INSERT INTO "kb_item_category" VALUES(75,15,'2026-01-31 00:00:03');
INSERT INTO "kb_item_category" VALUES(75,12,'2026-01-31 00:00:03');
INSERT INTO "kb_item_category" VALUES(76,15,'2026-01-31 00:00:03');
INSERT INTO "kb_item_category" VALUES(76,12,'2026-01-31 00:00:03');
INSERT INTO "kb_item_category" VALUES(77,12,'2026-01-31 00:00:03');
INSERT INTO "kb_item_category" VALUES(77,13,'2026-01-31 00:00:03');
INSERT INTO "kb_item_category" VALUES(78,13,'2026-01-31 00:00:03');
INSERT INTO "kb_item_category" VALUES(78,14,'2026-01-31 00:00:03');
INSERT INTO "kb_item_category" VALUES(78,15,'2026-01-31 00:00:03');
INSERT INTO "kb_item_category" VALUES(79,14,'2026-01-31 00:00:03');
INSERT INTO "kb_item_category" VALUES(79,15,'2026-01-31 00:00:03');
INSERT INTO "kb_item_category" VALUES(80,15,'2026-01-31 00:00:03');
INSERT INTO "kb_item_category" VALUES(80,12,'2026-01-31 00:00:03');
INSERT INTO "kb_item_category" VALUES(81,16,'2026-01-31 00:00:03');
INSERT INTO "kb_item_category" VALUES(81,17,'2026-01-31 00:00:03');
INSERT INTO "kb_item_category" VALUES(81,18,'2026-01-31 00:00:03');
INSERT INTO "kb_item_category" VALUES(82,17,'2026-01-31 00:00:03');
INSERT INTO "kb_item_category" VALUES(82,18,'2026-01-31 00:00:03');
INSERT INTO "kb_item_category" VALUES(83,18,'2026-01-31 00:00:03');
INSERT INTO "kb_item_category" VALUES(83,19,'2026-01-31 00:00:03');
INSERT INTO "kb_item_category" VALUES(84,19,'2026-01-31 00:00:03');
INSERT INTO "kb_item_category" VALUES(84,16,'2026-01-31 00:00:03');
INSERT INTO "kb_item_category" VALUES(84,17,'2026-01-31 00:00:03');
INSERT INTO "kb_item_category" VALUES(85,16,'2026-01-31 00:00:03');
INSERT INTO "kb_item_category" VALUES(85,17,'2026-01-31 00:00:03');
INSERT INTO "kb_item_category" VALUES(86,17,'2026-01-31 00:00:03');
INSERT INTO "kb_item_category" VALUES(86,18,'2026-01-31 00:00:03');
INSERT INTO "kb_item_category" VALUES(87,18,'2026-01-31 00:00:03');
INSERT INTO "kb_item_category" VALUES(87,19,'2026-01-31 00:00:03');
INSERT INTO "kb_item_category" VALUES(87,16,'2026-01-31 00:00:03');
INSERT INTO "kb_item_category" VALUES(88,19,'2026-01-31 00:00:03');
INSERT INTO "kb_item_category" VALUES(88,16,'2026-01-31 00:00:03');
INSERT INTO "kb_item_category" VALUES(89,16,'2026-01-31 00:00:03');
INSERT INTO "kb_item_category" VALUES(89,17,'2026-01-31 00:00:03');
INSERT INTO "kb_item_category" VALUES(90,17,'2026-01-31 00:00:03');
INSERT INTO "kb_item_category" VALUES(90,18,'2026-01-31 00:00:03');
INSERT INTO "kb_item_category" VALUES(90,19,'2026-01-31 00:00:03');
INSERT INTO "kb_item_category" VALUES(91,18,'2026-01-31 00:00:03');
INSERT INTO "kb_item_category" VALUES(91,19,'2026-01-31 00:00:03');
INSERT INTO "kb_item_category" VALUES(92,19,'2026-01-31 00:00:03');
INSERT INTO "kb_item_category" VALUES(92,16,'2026-01-31 00:00:03');
INSERT INTO "kb_item_category" VALUES(93,16,'2026-01-31 00:00:03');
INSERT INTO "kb_item_category" VALUES(93,17,'2026-01-31 00:00:03');
INSERT INTO "kb_item_category" VALUES(93,18,'2026-01-31 00:00:03');
INSERT INTO "kb_item_category" VALUES(94,17,'2026-01-31 00:00:03');
INSERT INTO "kb_item_category" VALUES(94,18,'2026-01-31 00:00:03');
INSERT INTO "kb_item_category" VALUES(95,18,'2026-01-31 00:00:03');
INSERT INTO "kb_item_category" VALUES(95,19,'2026-01-31 00:00:03');
INSERT INTO "kb_item_category" VALUES(96,19,'2026-01-31 00:00:03');
INSERT INTO "kb_item_category" VALUES(96,16,'2026-01-31 00:00:03');
INSERT INTO "kb_item_category" VALUES(96,17,'2026-01-31 00:00:03');
INSERT INTO "kb_item_category" VALUES(97,16,'2026-01-31 00:00:03');
INSERT INTO "kb_item_category" VALUES(97,17,'2026-01-31 00:00:03');
INSERT INTO "kb_item_category" VALUES(98,17,'2026-01-31 00:00:03');
INSERT INTO "kb_item_category" VALUES(98,18,'2026-01-31 00:00:03');
INSERT INTO "kb_item_category" VALUES(99,18,'2026-01-31 00:00:03');
INSERT INTO "kb_item_category" VALUES(99,19,'2026-01-31 00:00:03');
INSERT INTO "kb_item_category" VALUES(99,16,'2026-01-31 00:00:03');
INSERT INTO "kb_item_category" VALUES(100,19,'2026-01-31 00:00:03');
INSERT INTO "kb_item_category" VALUES(100,16,'2026-01-31 00:00:03');
INSERT INTO "kb_item_category" VALUES(101,20,'2026-01-31 00:00:03');
INSERT INTO "kb_item_category" VALUES(101,21,'2026-01-31 00:00:03');
INSERT INTO "kb_item_category" VALUES(102,21,'2026-01-31 00:00:03');
INSERT INTO "kb_item_category" VALUES(102,22,'2026-01-31 00:00:03');
INSERT INTO "kb_item_category" VALUES(102,23,'2026-01-31 00:00:03');
INSERT INTO "kb_item_category" VALUES(103,22,'2026-01-31 00:00:03');
INSERT INTO "kb_item_category" VALUES(103,23,'2026-01-31 00:00:03');
INSERT INTO "kb_item_category" VALUES(104,23,'2026-01-31 00:00:03');
INSERT INTO "kb_item_category" VALUES(104,20,'2026-01-31 00:00:03');
INSERT INTO "kb_item_category" VALUES(105,20,'2026-01-31 00:00:03');
INSERT INTO "kb_item_category" VALUES(105,21,'2026-01-31 00:00:03');
INSERT INTO "kb_item_category" VALUES(105,22,'2026-01-31 00:00:03');
INSERT INTO "kb_item_category" VALUES(106,21,'2026-01-31 00:00:03');
INSERT INTO "kb_item_category" VALUES(106,22,'2026-01-31 00:00:03');
INSERT INTO "kb_item_category" VALUES(107,22,'2026-01-31 00:00:03');
INSERT INTO "kb_item_category" VALUES(107,23,'2026-01-31 00:00:03');
INSERT INTO "kb_item_category" VALUES(108,23,'2026-01-31 00:00:03');
INSERT INTO "kb_item_category" VALUES(108,20,'2026-01-31 00:00:03');
INSERT INTO "kb_item_category" VALUES(108,21,'2026-01-31 00:00:03');
INSERT INTO "kb_item_category" VALUES(109,20,'2026-01-31 00:00:03');
INSERT INTO "kb_item_category" VALUES(109,21,'2026-01-31 00:00:03');
INSERT INTO "kb_item_category" VALUES(110,21,'2026-01-31 00:00:03');
INSERT INTO "kb_item_category" VALUES(110,22,'2026-01-31 00:00:03');
INSERT INTO "kb_item_category" VALUES(111,22,'2026-01-31 00:00:03');
INSERT INTO "kb_item_category" VALUES(111,23,'2026-01-31 00:00:03');
INSERT INTO "kb_item_category" VALUES(111,20,'2026-01-31 00:00:03');
INSERT INTO "kb_item_category" VALUES(112,23,'2026-01-31 00:00:03');
INSERT INTO "kb_item_category" VALUES(112,20,'2026-01-31 00:00:03');
INSERT INTO "kb_item_category" VALUES(113,20,'2026-01-31 00:00:03');
INSERT INTO "kb_item_category" VALUES(113,21,'2026-01-31 00:00:03');
INSERT INTO "kb_item_category" VALUES(114,21,'2026-01-31 00:00:03');
INSERT INTO "kb_item_category" VALUES(114,22,'2026-01-31 00:00:03');
INSERT INTO "kb_item_category" VALUES(114,23,'2026-01-31 00:00:03');
INSERT INTO "kb_item_category" VALUES(115,22,'2026-01-31 00:00:03');
INSERT INTO "kb_item_category" VALUES(115,23,'2026-01-31 00:00:03');
INSERT INTO "kb_item_category" VALUES(116,23,'2026-01-31 00:00:03');
INSERT INTO "kb_item_category" VALUES(116,20,'2026-01-31 00:00:03');
INSERT INTO "kb_item_category" VALUES(117,20,'2026-01-31 00:00:03');
INSERT INTO "kb_item_category" VALUES(117,21,'2026-01-31 00:00:03');
INSERT INTO "kb_item_category" VALUES(117,22,'2026-01-31 00:00:03');
INSERT INTO "kb_item_category" VALUES(118,21,'2026-01-31 00:00:03');
INSERT INTO "kb_item_category" VALUES(118,22,'2026-01-31 00:00:03');
INSERT INTO "kb_item_category" VALUES(119,22,'2026-01-31 00:00:03');
INSERT INTO "kb_item_category" VALUES(119,23,'2026-01-31 00:00:03');
INSERT INTO "kb_item_category" VALUES(120,23,'2026-01-31 00:00:03');
INSERT INTO "kb_item_category" VALUES(120,20,'2026-01-31 00:00:03');
INSERT INTO "kb_item_category" VALUES(120,21,'2026-01-31 00:00:03');
DELETE FROM "sqlite_sequence";
INSERT INTO "sqlite_sequence" VALUES('kb_category',345);
INSERT INTO "sqlite_sequence" VALUES('kb_item',123);
INSERT INTO "sqlite_sequence" VALUES('kb_attachment',361);
INSERT INTO "sqlite_sequence" VALUES('kb_download_log',6);
COMMIT;
